Name,Postcode,Code
Abbey Wood,SE2 9QG,ABW
Aber,CF83 1BR,ABE
Abercynon,CF45 4EW,ACY
Aberdare,CF44 7EA,ABA
Aberdeen,AB11 6RT,ABD
Aberdour,KY3 0TQ,AUR
Aberdovey,LL35 0RT,AVY
Abererch,LL53 6PJ,ABH
Abergavenny,NP7 5HY,AGV
Abergele & Pensarn,LL22 7SD,AGL
Aberystwyth,SY23 1LH,AYW
Accrington,BB5 0AA,ACR
Achanalt,IV23 2QD,AAT
Achnasheen,IV22 2EE,ACN
Achnashellach,IV54 8YU,ACH
Acklington,NE65 9BT,ACK
Acle,NR13 3BZ,ACL
Acocks Green,B27 6EB,ACG
Acton Bridge,CW8 2RE,ACB
Acton Central,W3 6BH,ACC
Acton Main Line,W3 9EH,AML
Adderley Park,B8 1BY,ADD
Addiewell,EH55 8NQ,ADW
Addlestone,KT15 2PB,ASN
Adisham,CT3 3JE,ADM
Adlington (Cheshire),SK10 4NE,ADC
Adlington (Lancashire),PR7 4HB,ADL
Adwick,DN6 7AQ,AWK
Aigburth,L17 6AQ,AIG
Ainsdale,PR8 3JP,ANS
Aintree,L9 5BE,AIN
Airbles,ML1 2SX,AIR
Airdrie,ML6 0AN,ADR
Albany Park,DA5 3HJ,AYP
Albrighton,WV7 3EA,ALB
Alderley Edge,SK9 7QZ,ALD
Aldermaston,RG7 4JJ,AMT
Aldershot,GU11 1HN,AHT
Aldrington,BN3 5EZ,AGT
Alexandra Palace,N22 7SS,AAP
Alexandra Parade,G31 3JN,AXP
Alexandria,G82 4ND,ALX
Alfreton,DE55 7JR,ALF
Alloa,FK10 1BA,ALO
Allens West,TS16 0PF,ALW
Alness,IV17 0SE,ASS
Alnmouth for Alnwick,NE66 3QF,ALM
Alresford (Essex),CO7 8AN,ALR
Alsager,ST7 2PN,ASG
Althorne,CM3 6DG,ALN
Althorpe,DN17 3HL,ALP
Altnabreac,KW12 6UR,ABC
Alton,GU34 2PY,AON
Altrincham,WA14 1EN,ALT
Alvechurch,B48 7SE,ALV
Ambergate,DE56 2EN,AMB
Amberley,BN18 9LR,AMY
Amersham,HP6 5DW,AMR
Ammanford,SA18 2DD,AMF
Ancaster,NG32 3QU,ANC
Anderston,G3 8RR,AND
Andover,SP10 3HW,ADV
Anerley,SE20 8PY,ANZ
Angel Road,N18 2EA,AGR
Angmering,BN16 3RE,ANG
Annan,DG12 6AX,ANN
Anniesland,G13 1HX,ANL
Ansdell & Fairhaven,FY8 1AE,AFV
Antrim,BT41 4AB,ANM
Apperley Bridge,BD10 0FD,APY
Appleby,CA16 6TT,APP
Appledore (Kent),TN26 2DG,APD
Appleford,OX14 4NT,APF
Appley Bridge,WN6 9AE,APB
Apsley,HP3 9SX,APS
Arbroath,DD11 3AE,ARB
Ardgay,IV24 3DR,ARD
Ardlui,G83 7EB,AUI
Ardrossan Harbour,KA22 8ED,ADS
Ardrossan South Beach,KA22 8AG,ASB
Ardrossan Town,KA22 8DD,ADN
Ardwick,M12 6JT,ADK
Argyle Street,G1 5HB,AGS
Arisaig,PH39 4NX,ARG
Arlesey,SG15 6XA,ARL
Armadale,EH48 3LP,ARM
Armathwaite,CA4 9PW,AWT
Arnside,LA5 0HG,ARN
Arram,HU17 7NS,ARR
Arrochar &Tarbet,G83 7DA,ART
Arundel,BN18 9PH,ARU
Ascot,SL5 9DW,ACT
Ascott-under-Wychwood,OX7 6AJ,AUW
Ash,GU12 6AZ,ASH
Ash Vale,GU12 5NJ,AHV
Ashburys,M12 5BX,ABY
Ashchurch for Tewkesbury,GL20 8JU,ASC
Ashfield,G22 6EZ,ASF
Ashford (Middlesex),TW15 2QN,AFS
Ashford International,TN23 1EZ,AFK
Ashley,WA14 3QD,ASY
Ashtead,KT21 2DR,AHD
Ashton-under-Lyne,OL6 6JP,AHN
Ashurst,TN3 9TL,AHS
Ashurst New Forest,SO40 7AA,ANF
Ashwell & Morden,SG7 5RT,AWM
Askam,LA16 7AL,ASK
Aslockton,NG13 9BE,ALK
Aspatria,CA7 2AR,ASP
Aspley Guise,MK17 8HY,APG
Aston,B6 7LS,AST
Atherstone,CV9 1BH,ATH
Atherton,M46 9LF,ATN
Attadale,IV54 8YX,ATT
Attenborough,NG9 5JL,ATB
Attleborough,NR17 2AS,ATL
Auchinleck,KA18 2AZ,AUK
Audley End,CB11 4LB,AUD
Aughton Park,L39 5QE,AUG
Aviemore,PH22 1PY,AVM
Avoncliff,BA15 2HA,AVF
Avonmouth,BS11 9JB,AVN
Axminster,EX13 5PJ,AXM
Aylesbury,HP20 1RU,AYS
Aylesbury Vale Parkway,HP18 0PS,AVP
Aylesford,ME20 7JL,AYL
Aylesham,CT3 3BD,AYH
Ayr,KA7 3AU,AYR
Bache,CH2 2JF,BAC
Baglan,SA12 7PA,BAJ
Bagshot,GU19 5LX,BAG
Baildon,BD17 6EU,BLD
Baillieston,G69 7DH,BIO
Balcombe,RH17 6JQ,BAB
Baldock,SG7 5DG,BDK
Balham,SW12 9SJ,BAL
Balloch,G83 0UN,BHC
Ballymena,BT42 1AD,BMA
Balmossie,DD5 4QE,BSI
Bamber Bridge,PR5 6TY,BMB
Bamford,S33 0BN,BAM
Banavie,PH33 7PH,BNV
Banbury,OX16 5AD,BAN
Bangor (Gwynedd),LL57 1LZ,BNG
Bank Hall,L20 2AE,BAH
Banstead,SM7 1PZ,BAD
Barassie,KA10 6SS,BSS
Bardon Mill,NE47 7HY,BLL
Bare Lane (Morecambe),LA4 6RN,BAR
Bargeddie,G69 7SB,BGI
Bargoed,CF81 9AL,BGD
Barking,IG11 8EA,BKG
Barlaston,ST12 9DZ,BRT
Barming,ME16 9NS,BMG
Barmouth,LL42 1LS,BRM
Barnehurst,DA7 6HQ,BNH
Barnes,SW13 0HT,BNS
Barnes Bridge,SW13 0AQ,BNI
Barnetby,DN38 6DG,BTB
Barnham,PO22 0JD,BAA
Barnhill,G21 4NA,BNL
Barnsley,S70 1SD,BNY
Barnstaple,EX31 2BP,BNP
Barnt Green,B45 8JZ,BTG
Barrhead,G78 1GG,BRR
Barrhill,KA26 0QF,BRL
Barrow Haven,DN19 7ET,BAV
Barrow-in-Furness,LA14 5AE,BIF
Barrow-upon-Soar,LE12 8XE,BWS
Barry,CF62 7AE,BRY
Barry Docks,CF63 4JP,BYD
Barry Island,CF62 5TH,BYI
Barry Links,DD7 7RZ,BYL
Barton-on-Humber,DN18 5JR,BAU
Basildon,SS16 5XX,BSO
Basingstoke,RG21 5NE,BSK
Bat & Ball,TN13 3ST,BBL
Bath Spa,BA1 1SX,BTH
Bathgate,EH48 1NU,BHG
Batley,WF17 5TA,BTL
Battersby,TS9 6LS,BTT
Battersea Park,SW8 4ND,BAK
Battle,TN33 0DE,BAT
Battlesbridge,SS11 7RJ,BLB
Bayford,SG13 8PL,BAY
Beaconsfield,HP9 2PJ,BCF
Bearley,B95 6DR,BER
Bearsden,G61 4AN,BRN
Bearsted,ME14 4PH,BSD
Beasdale,PH39 4NR,BSL
Beaulieu Road,SO42 7YQ,BEU
Beauly,IV4 7EP,BEL
Bebington,CH62 5HR,BEB
Beccles,NR34 9QW,BCC
Beckenham Hill,SE6 3RE,BEC
Beckenham Junction,BR3 1HY,BKJ
Bedford (Midland),MK40 1DS,BDM
Bedford St Johns,MK42 9ER,BSJ
Bedhampton,PO9 1LL,BDH
Bedminster,BS3 4LU,BMT
Bedworth,CV12 8JF,BEH
Bedwyn,SN8 3NZ,BDW
Beeston,NG9 1JH,BEE
Bekesbourne,CT4 5EF,BKS
Belfast Central,BT1 3NR,BFC
Belle Vue,M18 7BR,BLV
Bellgrove,G31 1AD,BLG
Bellingham,SE6 3BX,BGM
Bellshill,ML4 1RH,BLH
Belmont,SM2 6BW,BLM
Belper,DE56 1FX,BLP
Beltring,ME18 6BZ,BEG
Belvedere,DA17 6JW,BVD
Bempton,YO15 1HN,BEM
Ben Rhydding,LS29 8PL,BEY
Benfleet,SS7 1NF,BEF
Bentham,LA2 7LJ,BEN
Bentley (Hampshire),GU10 5LB,BTY
Bentley (South Yorkshire),DN5 0BE,BYK
Bere Alston,PL20 7ER,BAS
Bere Ferrers,PL20 7LT,BFE
Berkhamsted,HP4 2JU,BKM
Berkswell,CV7 7EF,BKW
Bermuda Park,CV10 7JS,BEP
Berney Arms,NR30 1SB,BYA
Berry Brow,HD4 7LX,BBW
Berrylands,KT5 8LT,BRS
Berwick,BN26 6TA,BRK
Berwick-upon-Tweed,TD15 1NF,BWK
Bescar Lane,L40 9QP,BES
Bescot Stadium,WS1 4NH,BSC
Betchworth,RH3 7BZ,BTO
Bethnal Green,E1 5RE,BET
Betws-y-Coed,LL24 0AE,BYC
Beverley,HU17 0AS,BEV
Bexhill,TN38 8AB,BEX
Bexley,DA5 1AQ,BXY
Bexleyheath,DA7 4AA,BXH
Bicester North,OX26 6EF,BCS
Bicester Village,OX26 6HU,BIT
Bickley,BR1 2BX,BKL
Bidston,CH43 7RF,BID
Biggleswade,SG18 8AN,BIW
Bilbrook,WV8 1HT,BBK
Billericay,CM12 9ED,BIC
Billingham,TS23 4AU,BIL
Billingshurst,RH14 9SP,BIG
Bingham,NG13 8TF,BIN
Bingley,BD16 2NA,BIY
Birchgrove,CF14 4SY,BCG
Birchington-on-Sea,CT7 9HY,BCH
Birchwood,WA3 7PU,BWD
Birkbeck,SE20 7YA,BIK
Birkdale,PR8 4AF,BDL
Birkenhead Central,CH41 9DB,BKC
Birkenhead Hamilton Square,CH41 1AL,BKQ
Birkenhead North,CH41 7AY,BKN
Birkenhead Park,CH41 8AT,BKP
Birmingham International,B40 1PA,BHI
Birmingham Moor Street,B4 7UL,BMO
Birmingham New Street,B2 4QA,BHM
Birmingham Snow Hill,B3 2DX,BSW
Bishop Auckland,DL14 6AB,BIA
Bishopbriggs,G64 2RD,BBG
Bishop's Stortford,CM23 5NF,BIS
Bishopstone,BN25 2QP,BIP
Bishopton,PA7 5AA,BPT
Bitterne,SO18 1GG,BTE
Blackburn,BB1 1EY,BBN
Blackfriars,EC4V 4DY,BFR
Blackheath,SE3 9LG,BKH
Blackhorse Road,E17 6JJ,BHO
Blackpool North,FY1 2AB,BPN
Blackpool Pleasure Beach,FY4 1LD,BPB
Blackpool South,FY4 1DW,BPS
Blackridge,EH48 3BW,BKR
Blackrod,BL6 5JE,BLK
Blackwater,GU17 9AF,BAW
Blaenau Ffestiniog,LL41 3HE,BFF
Blair Atholl,PH18 5SG,BLA
Blairhill,ML5 2EW,BAI
Blake Street,B74 4YD,BKT
Blakedown,DY10 3JL,BKD
Blantyre,G72 9BG,BLT
Blaydon,NE21 5BS,BLO
Bleasby,NG14 7GD,BSB
Bletchley,MK3 6DS,BLY
Bloxwich,WS3 2LF,BLX
Bloxwich North,WS3 2UB,BWN
Blundellsands & Crosby,L23 8TJ,BLN
Blythe Bridge,ST11 9JR,BYB
Bodmin Parkway,PL30 4BB,BOD
Bodorgan,LL62 5BL,BOR
Bognor Regis,PO21 1BS,BOG
Bogston,PA15 2TN,BGS
Bolton,BL3 6DD,BON
Bolton-upon-Dearne,S63 8JB,BTD
Bookham,KT23 3JG,BKA
Bootle (Cumbria),LA19 5XB,BOC
Bootle New Strand,L20 4BA,BNW
Bootle Oriel Road,L20 7AD,BOT
Bordesley,B11 1AX,BBS
Borough Green & Wrotham,TN15 8AJ,BRG
Borth,SY24 5HT,BRH
Bosham,PO18 8NH,BOH
Boston,PE21 8RN,BSN
Boston Lodge,LL48 6HT,6HT
Botanic,BT7 17Q,17Q
Botley,SO30 2DN,BOE
Bottesford,NG13 0DN,BTF
Bourne End,SL8 5YP,BNE
Bournemouth,BH8 8AP,BMH
Bournville,B30 2LT,BRV
Bow Brickhill,MK17 9JN,BWB
Bowes Park,N11 2QR,BOP
Bowling,G60 5BL,BWG
Box Hill & Westhumble,RH5 6BT,BXW
Bracknell,RG12 1HX,BCE
Bradford Forster Square,BD1 4HY,BDQ
Bradford Interchange,BD1 1JY,BDI
Bradford-on-Avon,BA15 1DQ,BOA
Brading,PO36 0EB,BDN
Braintree,CM7 3FW,BTR
Braintree Freeport,CM7 8YH,BTP
Bramhall,SK7 2DY,BML
Bramley (Hampshire),RG26 5DZ,BMY
Bramley (West Yorkshire),LS13 4DS,BLE
Brampton (Cumbria),CA8 1HW,BMP
Brampton (Suffolk),NR34 8EF,BRP
Branchton,PA16 0YB,BCN
Brandon,IP27 0BA,BND
Branksome,BH12 1DF,BSM
Braystones,CA21 2YW,BYS
Bredbury,SK6 2AG,BDY
Breich,EH55 8JH,BRC
Brentford,TW8 8DT,BFD
Brentwood,CM14 4EW,BRE
Bricket Wood,AL2 3PQ,BWO
Bridge of Allan,FK9 4NA,BEA
Bridge of Orchy,PA36 4AD,BRO
Bridgend,CF31 1BB,BGN
Bridgeton,AB33 8NT,BDG
Bridgwater,TA6 5HB,BWT
Bridlington,YO16 4LZ,BDT
Brierfield,BB9 5PG,BRF
Brigg,DN20 8HX,BGG
Brighouse,HD6 1HF,BGH
Brighton,BN1 3ZE,BTN
Brimsdown,EN3 7JL,BMD
Brinnington,SK5 8JG,BNT
Bristol Parkway,BS34 8PU,BPW
Bristol Temple Meads,BS1 6QG,BRI
Brithdir,NP24 6XY,BHD
British Steel Redcar,TS10 5QW,RBS
Briton Ferry,SA11 2PB,BNF
Brixton,SW9 8JW,BRX
Broad Green,L14 3NG,BGE
Broadbottom,SK14 3LH,BDB
Broadstairs,CT10 2AJ,BSR
Brockenhurst,SO42 7TW,BCU
Brockholes,HD7 7BG,BHS
Brockley,SE4 2RW,BCY
Bromborough,CH63 0JR,BOM
Bromborough Rake,CH62 7AR,BMR
Bromley Cross,BL2 3AD,BMC
Bromley North,BR1 3JH,BMN
Bromley South,BR1 1NX,BMS
Bromsgrove,B60 2DZ,BMV
Brondesbury,NW6 7QB,BSY
Brondesbury Park,NW6 6RP,BSP
Brookmans Park,AL9 7SS,BPK
Brookwood,GU24 0EU,BKO
Broome,SY7 0NT,BME
Broomfleet,HU15 1RQ,BMF
Brora,KW9 6QU,BRA
Brough,HU15 1EB,BUH
Broughty Ferry,DD5 2AE,BYF
Broxbourne,EN10 7AW,BXB
Bruce Grove,N17 6QX,BCV
Brundall,NR13 5PJ,BDA
Brundall Gardens,NR13 5RG,BGA
Brunstane,EH15 2NQ,BSU
Brunswick,L8 6XP,BRW
Bruton,BA10 0DX,BRU
Bryn,WN4 0AS,BYN
Buckenham,NR13 4HW,BUC
Buckley,CH7 3AY,BCK
Bucknell,SY7 0AD,BUK
Buckshaw Parkway,PR7 7EY,BSV
Bugle,PL26 8QG,BGL
Builth Road,LD2 3PY,BHR
Bulwell,NG7 7EF,BLW
Bures,CO8 5DQ,BUE
Burgess Hill,RH15 0AA,BUG
Burley Park,LS4 2LX,BUY
Burley-in-Wharfedale,LS29 7AA,BUW
Burnage,M20 6FH,BNA
Burneside,LA9 6QZ,BUD
Burnham (Buckinghamshire),SL1 6JT,BNM
Burnham-on-Crouch,CM0 8DG,BUU
Burnley Barracks,BB12 0LX,BUB
Burnley Central,BB11 1DA,BNC
Burnley Manchester Road,BB11 4HY,BYM
Burnside,G73 3UE,BUI
Burntisland,KY3 9DU,BTS
Burscough Bridge,L40 0TQ,BCB
Burscough Junction,L40 5XF,BCJ
Bursledon,SO31 8AA,BUO
Burton Joyce,NG14 5AP,BUJ
Burton-on-Trent,DE14 2DJ,BUT
Bury St Edmunds,IP32 6AL,BSE
Busby,G76 8HY,BUS
Bush Hill Park,EN1 1BA,BHK
Bushey,WD1 4EA,BSH
Butlers Lane,B74 4RT,BUL
Buxted,TN22 4LA,BXD
Buxton,SK17 6AQ,BUX
Byfleet & New Haw,KT15 3LQ,BFN
Bynea,SA14 9TL,BYE
Cadoxton,CF64 4TX,CAD
Caergwrle,LL12 9DU,CGW
Caerphilly,CF83 1HE,CPH
Caersws,SY17 5HH,CWS
Caldercruix,ML6 7RJ,CAC
Caldicot,NP26 4FJ,CDT
Caledonian Road and Barnsbury,N7 8XH,CIR
Calstock,PL18 9SL,CSK
Cam and Dursley,GL11 5DW,CDU
Camberley,GU15 3RR,CAM
Camborne,TR14 7RF,CBN
Cambridge Heath,E2 9HA,CBH
Cambridge,CB1 2JW,CBG
Cambridge North,CB4 0WP,CMB
Cambuslang,G72 8AT,CBL
Camden Road,NW1 9LY,CMD
Camelon,FK2 7YP,CMO
Canada Water,SE16 6QE,ZCW
Canley,CV5 6RA,CNL
Cannock,WS11 8NQ,CAO
Canonbury,N1 2PG,CNN
Canterbury East,CT1 2RB,CBE
Canterbury West,CT2 7ER,CBW
Cantley,NR13 3SP,CNY
Capenhurst,CH1 6ER,CPU
Carbis Bay,TR26 2LN,CBB
Cardenden,KY5 0BS,CDD
Cardiff Bay,CF10 5LE,CDB
Cardiff Central,CF10 1RH,CDF
Cardiff Queen Street,CF10 2FY,CDQ
Cardonald,G52 2DA,CDO
Cardross,G82 5NL,CDR
Carfin,ML1 5AX,CRF
Cark and Cartmel,LA11 7PT,CAK
Carlisle,CA2 5AF,CAR
Carlton,NG4 2FD,CTO
Carluke,ML8 5DF,CLU
Carmarthen,SA31 2BG,CMN
Carmyle,G32 8JU,CML
Carnforth,LA5 9ET,CNF
Carnoustie,DD7 6AR,CAN
Carntyne,G32 6AS,CAY
Carpenders Park,WD1 6DT,CPK
Carrbridge,PH23 3AZ,CAG
Carshalton Beeches,SM5 3RF,CSB
Carshalton,SM5 2HW,CSH
Carstairs,ML11 8PP,CRS
Cartsdyke,PA15 2TH,CDY
Castle Bar Park,W7 1BA,CBP
Castle Cary,BA7 7PE,CLC
Castleford,WF10 1DZ,CFD
Castleton Moor,YO21 2EZ,CSM
Castleton,OL11 3EE,CAS
Caterham,CR3 6GR,CAT
Catford Bridge,SE6 4PZ,CFB
Catford,SE6 4RH,CTF
Cathays,CF10 3LU,CYS
Cathcart,G44 4ED,CCT
Cattal,YO26 8DS,CTL
Causeland,PL14 4RW,CAU
Cefn-y-Bedd,LL12 9UU,CYB
Chadwell Heath,RM8 1TE,CTH
Chafford Hundred Lakeside,RM16 6QQ,CFH
Chalfont & Latimer,HP7 9PR,CFO
Chalkwell,SS0 8PX,CHW
Chandler's Ford,SO53 4DE,CFR
Chapel-en-le-Frith,SK23 9UJ,CEF
Chapelton (Devon),EX37 9DZ,CPN
Chapeltown (Yorkshire),S35 2UN,CLN
Chappel and Wakes Colne,CO6 2DS,CWC
Charing Cross (Glasgow),G2 4PR,CHC
Charing (Kent),TN27 0HZ,CHG
Charlbury,OX7 3HH,CBY
Charlton,SE7 7QG,CTN
Chartham,CT4 7HU,CRT
Chassen Road,M41 9DU,CSR
Chatelherault,ML3 7UD,CTE
Chatham,ME4 6PN,CTM
Chathill,NE67 5DF,CHT
Cheadle Hulme,SK8 5AQ,CHU
Cheam,SM3 8RZ,CHE
Cheddington,LU7 0SQ,CED
Chelford (Cheshire),SK11 9BU,CEL
Chelmsford (Essex),CM1 1AS,CHM
Chelsfield,BR6 6EU,CLD
Cheltenham Spa,GL51 8NP,CNM
Chepstow,NP16 5PD,CPW
Cherry Tree,BB2 4SH,CYT
Chertsey,KT16 9BH,CHY
Cheshunt,EN8 9AQ,CHN
Chessington North,KT9 1QL,CSN
Chessington South,KT9 2JR,CSS
Chester,CH1 3AH,CTR
Chester Road,B73 5JS,CRD
Chester-le-Street,DH2 2DF,CLS
Chesterfield,S41 7UB,CHD
Chestfield & Swalecliffe,CT5 3JB,CSW
Chetnole,DT9 6PJ,CNO
Chichester,PO19 2DL,CCH
Chilham,CT4 8EG,CIL
Chilworth,GU4 8QW,CHL
Chingford,E4 6AL,CHI
Chinley,SK23 6AZ,CLY
Chippenham,SN15 3QE,CPM
Chipstead,CR5 3TD,CHP
Chirk,LL14 5LU,CRK
Chislehurst,BR7 5NR,CIT
Chiswick,W4 3HF,CHK
Cholsey,OX10 9LN,CHO
Chorley,PR6 0RG,CRL
Chorleywood,WD3 5ND,CLW
Christchurch,BH23 2AB,CHR
Christs Hospital,RH13 7NE,CHH
Church and Oswaldtwistle,BB5 0EG,CTW
Church Fenton,LS24 9QX,CHF
Church Stretton,SY6 6PG,CTT
Cilmeri,LD2 3NU,CIM
City Thameslink,EC4M 7NR,CTK
Clacton-on-Sea,CO15 6PZ,CLT
Clandon,GU4 7UB,CLA
Clapham High Street,SW4 6DF,CLP
Clapham Junction,SW11 2HT,CLJ
Clapham,LA2 8HN,CPY
Clapton,E5 9RD,CPT
Clarbeston Road,SA63 4UW,CLR
Clarkston,G76 7BN,CKS
Claverdon,CV35 8PQ,CLV
Claygate,KT10 0PB,CLG
Cleethorpes,DN35 8AX,CLE
Cleland,ML1 5RR,CEA
Clifton (Manchester),M27 8LN,CLI
Clifton Down,BS8 2PN,CFN
Clitheroe,BB7 2JG,CLH
Clock House,BR3 4PT,CLK
Clunderwen,SA66 7NG,CUW
Clydebank,G81 1RT,CYK
Coatbridge Central,ML5 1QQ,CBC
Coatbridge Sunnyside,ML5 3HR,CBS
Coatdyke,ML5 3PY,COA
Cobham & Stoke d'Abernon,KT11 3BT,CSD
Codsall,WV8 2EH,CSL
Cogan,CF64 2NS,CGN
Colchester,CO1 1XD,COL
Colchester Town,CO2 7EF,CET
Coleraine,BT52 1PQ,CEI
Coleshill Parkway,B46 1DA,CEH
Collingham,NG23 7RB,CLM
Collington,TN39 3DQ,CLL
Colne,BB8 9NP,CNE
Colwall,WR13 6QH,CWL
Colwyn Bay,LL29 8DF,CWB
Combe (Oxfordshire),OX8 8ET,CME
Commondale,YO21 2HN,COM
Congleton,CW12 3LF,CNG
Conisbrough,NG8 2TT,CNS
Connel Ferry,PA37 1PB,CON
Conon Bridge,IV7 8AA,CBD
Cononley,BD20 8LS,CEY
Conway Park,CH41 3RU,CNP
Conwy,LL32 8AF,CNW
Cooden Beach,TN39 4TT,COB
Cookham,SL6 9BP,COO
Cooksbridge,BN8 4SW,CBR
Coombe Junction Halt,PL14 4YH,COE
Copplestone,EX17 5NF,COP
Corbridge,NE45 5AZ,CRB
Corby,NN17 1UJ,COR
Corkerhill,G52 1RB,CKH
Corkickle,CA28 7TQ,CKL
Corpach,PH33 7JH,CPA
Corrour,PH30 4AA,CRR
Coryton,CF14 7BW,COY
Coseley,WV14 8XR,CSY
Cosford,WV7 3EY,COS
Cosham,PO6 3BD,CSA
Cottingham,HU16 4YA,CGM
Cottingley,LS11 0LD,COT
Coulsdon South,CR5 2HA,CDS
Coulsdon Town,CR3 2NS,CDN
Coventry,CV3 6HF,COV
Coventry Arena,CV6 6AS,CAA
Cowden,TN8 7DS,CWN
Cowdenbeath,KY4 9SG,COW
Cradley Heath,B64 7AR,CRA
Craigendoran,G84 7JE,CGD
Cramlington,NE23 1DJ,CRM
Cranbrook,EX5 2DY,CBK
Craven Arms,SY7 9RL,CRV
Crawley,RH10 6AJ,CRW
Crayford,DA1 4HW,CRY
Crediton,EX17 3BY,CDI
Cressing,CM7 8NT,CES
Cressington,L19 0PQ,CSG
Creswell,S80 4JD,CWD
Crewe,CW1 6AR,CRE
Crewkerne,TA18 8AU,CKN
Crews Hill,EN2 9EA,CWH
Crianlarich,FK20 8QQ,CNR
Criccieth,LL52 0RW,CCC
Cricklewood,NW2 1EU,CRI
Croftfoot,G73 2AH,CFF
Crofton Park,SE4 2PQ,CFT
Cromer,NR27 9SW,CMR
Cromford,DE4 5JJ,CMF
Crookston,G52 3LQ,CKT
Cross Gates,LS15 8BX,CRG
Crossflatts,BD16 2RZ,CFL
Crosshill,G42 8ER,COI
Crosskeys,NP11 7BU,CKY
Crossmyloof,G41 3RY,CMY
Croston,PR26 9HL,CSO
Crouch Hill,N4 4BW,CRH
Crowborough,TN6 2JR,COH
Crowhurst,TN33 9DE,CWU
Crowle,DN17 4JS,CWE
Crowthorne,RG45 6NZ,CRN
Croy,G68 9AA,CRO
Crystal Palace,SE19 2AZ,CYP
Cuddington,CW8 2LP,CUD
Cuffley,EN6 4HY,CUF
Culham,OX14 3BT,CUM
Culrain,IV24 3DW,CUA
Cumbernauld,G67 2PL,CUB
Cupar,KY15 5JD,CUP
Curriehill,EH14 5QR,CUH
Cuxton,ME2 1AB,CUX
Cwmbach,CF44 0AG,CMH
Cwmbran,NP44 2JU,CWM
Cynghordy,SA20 0LY,CYN
Dagenham Dock,RM9 6PX,DDK
Daisy Hill,BL5 2LA,DSY
Dalgety Bay,KY11 9NJ,DAG
Dalmally,PA33 1AA,DAL
Dalmarnock,G40 4LR,DAK
Dalmeny,EH30 9JU,DAM
Dalmuir,G81 4AJ,DMR
Dalreoch,G82 4JT,DLR
Dalry,KA24 4DD,DLY
Dalston (Cumbria),CA5 7LT,DLS
Dalston Junction,,DLJ
Dalston Kingsland,N16 8JN,DLK
Dalton (Cumbria),LA15 8PL,DLT
Dalwhinnie,PH19 1AD,DLW
Danby,YO21 2JL,DNY
Danescourt,CF5 2RX,DCT
Danzey,B94 5BE,DZY
Darlington,DL1 5AE,DAR
Darnall,S9 4JR,DAN
Darsham,IP17 3PN,DSM
Dartford,DA1 1BP,DFD
Darton,S75 5HX,DRT
Darwen,BB3 3EH,DWN
Datchet,SL3 9ED,DAT
Davenport,SK2 6JP,DVN
Dawlish,EX7 9PJ,DWL
Dawlish Warren,EX7 0NF,DWW
Deal,CT14 9ST,DEA
Dean (Hampshire),SP5 1JF,DEN
Dean Lane,M40 3AN,DNN
Deansgate,M3 4LG,DGT
Deganwy,LL31 9EJ,DGY
Deighton,HD2 1LX,DHN
Delamere,CW8 2JQ,DLM
Denby Dale,HD8 8QE,DBD
Denham,UB9 5ES,DNM
Denham Golf Club,UB9 5EL,DGC
Denmark Hill,SE5 8AQ,DMK
Dent,LA10 5RF,DNT
Denton,M34 3WE,DTN
Deptford,SE8 5QA,DEP
Derby Midland,DE1 2RS,DBY
Derby Road (Ipswich),IP3 8HX,DBR
Derker,OL1 4AB,DKR
Devonport,PL1 4QN,DPT
Dewsbury,WF13 2PE,DEW
Didcot Parkway,OX11 7FB,DID
Digby and Sowton,EX2 7TG,DIG
Dilton Marsh,BA13 3RU,DMH
Dinas Powys,CF64 4LD,DNS
Dinas Rhondda,CF40 2PJ,DMG
Dingle Road,CF64 1JL,DGL
Dingwall,IV15 9JD,DIN
Dinsdale,DL2 1DX,DND
Dinting,SK14 6BP,DTG
Disley,SK12 2AE,DSL
Diss,IP22 4HN,DIS
Dockyard,PL2 1RZ,DOC
Dodworth,S75 3JJ,DOD
Dolau,LD1 5TG,DOL
Doleham,TN35 4NA,DLH
Dolgarrog,LL26 0YR,DLG
Dolwyddelan,LL25 0TJ,DWD
Doncaster,DN1 1PE,DON
Dorchester South,DT1 2DN,DCH
Dorchester West,DT1 1QX,DCW
Dore,S17 3LR,DOR
Dorking,RH4 1TF,DKG
Dorking Deepdene,RH4 1AH,DPD
Dorking West,RH4 5EE,DKT
Dormans,RH7 6NJ,DMS
Dorridge,B93 8QH,DDG
Dove Holes,SK17 8BQ,DVH
Dover Priory,CT17 9TY,DVP
Dovercourt,CO12 3AG,DVC
Dovey Junction,SY20 8SU,DVY
Downham Market,PE38 9EN,DOW
Drayton Green,W7 1LX,DRG
Drayton Park,N5 1PG,DYP
Drem,EH39 5AS,DRM
Driffield,YO25 6NL,DRF
Drigg,CA19 1XR,DRI
Droitwich Spa,WR9 9BD,DTW
Dronfield,S18 2XA,DRO
Drumchapel,G15 6QX,DMC
Drumfrochar,PA15 4NE,DFR
Drumgelloch ,ML6 7BL,DRU
Drumry,G81 2TE,DMY
Duddeston,B7 4ST,DUD
Dudley Port,DY4 8RB,DDP
Duffield,DE56 4EQ,DFI
Duirinish,IV40 8BD,DRN
Duke Street,G31 1NW,DST
Dullingham,CB8 9UT,DUL
Dumbarton Central,G82 1NL,DBC
Dumbarton East,G82 1RH,DBE
Dumbreck,G41 5BQ,DUM
Dumfries,DG1 1LU,DMF
Dumpton Park,CT11 7TB,DMP
Dunbar,EH42 1JX,DUN
Dunblane,FK15 9ET,DBL
Dunbridge,SO51 0RA,DBG
Duncraig,IV52 8TZ,DCG
Dundee,DD1 4DB,DEE
Dunfermline Queen Margaret,KY12 0TY,DFL
Dunfermline Town,KY12 7HT,DFE
Dunkeld & Birnam,PH8 0BN,DKD
Dunlop,KA3 4AS,DNL
Dunrobin Castle,KW10 6SH,DNO
Dunston,NE11 9TS,DOT
Dunton Green,TN13 2UU,DNG
Durham,DH1 4RB,DHM
Durrington-on-Sea,BN12 6BT,DUR
Dyce,AB21 7DQ,DYC
Dyffryn Ardudwy,LL44 2BF,DYF
Eaglescliffe,TS16 0BT,EAG
Ealing Broadway,W5 2PT,EAL
Earlestown,WA12 9AU,ERL
Earley,RG6 7DY,EAR
Earlsfield,SW18 3NY,EAD
Earlswood (Surrey),RH1 6JH,ELD
Earlswood (West Midlands),B94 5JS,EWD
East Croydon,CR0 1LF,ECR
East Didsbury,M20 5NE,EDY
East Dulwich,SE22 8EF,EDW
East Farleigh,ME16 9NB,EFL
East Garforth,LS25 2NS,EGF
East Grinstead,RH19 1EB,EGR
East Kilbride,G74 1NF,EKL
East Malling,ME19 6AN,EML
East Midlands Parkway,NG11 0EE,EMD
East Tilbury,SS17 0RQ,ETL
East Worthing,BN14 8ED,EWR
Eastbourne,BN21 3QJ,EBN
Eastbrook,CF64 4LD,EBK
Easterhouse,G69 6BL,EST
Eastham Rake,CH62 9EX,ERA
Eastleigh,SO50 9FN,ESL
Eastrington,DN14 7PX,EGN
Ebbsfleet International,DA10 1EB,EBD
Ebbw Vale Parkway,NP23 8AP,EBV
Ebbw Vale Town,NP23 6DN,EBB
Eccles,M30 0DN,ECC
Eccles Road,NR16 2JQ,ECS
Eccleston Park,L35 7LP,ECL
Edale,S33 7ZP,EDL
Eden Park,BR3 3DE,EDN
Edenbridge,TN8 6JQ,EBR
Edenbridge Town,TN8 5LS,EBT
Edge Hill,L7 6ND,EDG
Edinburgh Haymarket,EH11 2BD,HYM
Edinburgh Park,EH11 4DF,EDP
Edinburgh Waverley,EH1 1BG,EDB
Edmonton Green,N9 9DX,EDR
Effingham Junction,KT24 5HJ,EFF
Eggesford,EX18 7QT,EGG
Egham,TW20 9NT,EGH
Egton,YO21 1UX,EGT
Elephant & Castle,SE17 1LB,EPH
Elgin,IV30 1QJ,ELG
Ellesmere Port,CH65 4FG,ELP
Elmers End,BR3 4DW,ELE
Elmstead Woods,BR7 5NN,ESD
Elmswell,IP30 9HR,ESW
Elsecar,S74 8DB,ELR
Elsenham,CM22 6LX,ESM
Elstree & Borehamwood,WD6 1EX,ELS
Eltham,SE9 1SA,ELW
Elton and Orston,NG13 9LH,ELO
Ely,CB7 4DJ,ELY
Emerson Park,RM11 3HS,EMP
Emsworth,PO10 7PN,EMS
Energlyn and Churchill Park,CF83 2QR,ECP
Enfield Chase,EN2 7AA,ENC
Enfield Lock,EN3 6AA,ENL
Enfield Town,EN1 2AA,ENF
Entwistle,BL7 0NG,ENT
Epsom,KT19 8EU,EPS
Epsom Downs,KT17 4JP,EPD
Erdington,B23 6PU,ERD
Eridge,TN3 9LD,ERI
Erith,DA8 1TY,ERH
Esher,KT10 8DT,ESH
Eskbank,EH22 3NX,EKB
Essex Road,N1 2SU,EXR
Etchingham,TN19 7PA,ETC
Euston (London),NW1 2RZ,EUS
Euxton Balshaw Lane,PR7 6PE,EBA
Evesham,WR11 4JG,EVE
Ewell East,KT17 1QR,EWE
Ewell West,KT17 2DH,EWW
Exeter Central,EX4 3SB,EXC
Exeter St Davids,EX4 4NT,EXD
Exeter St Thomas,EX4 1AQ,EXT
Exhibition Centre (Glasgow),G3 8LE,EXG
Exmouth,EX8 1BZ,EXM
Exton,EX3 0PG,EXN
Eynsford,DA4 0HP,EYN
Failsworth,M35 0GE,FLS
Fairbourne,LL38 2AQ,FRB
Fairfield,M34 5QA,FRF
Fairlie,KA29 0DY,FRL
Fairwater,CF5 2LR,FRW
Falconwood,SE9 2RN,FCN
Falkirk Grahamston,FK1 1UP,FKG
Falkirk High,FK1 5NE,FKK
Falls of Cruachan,PA33 1AN,FOC
Falmer,BN1 9QX,FMR
Falmouth Docks,TR11 4NR,FAL
Falmouth Town,TR11 4LT,FMT
North Fambridge,CM3 6NE,NFA
Fareham,PO14 1NP,FRM
Farnborough Main,GU14 7NL,FNB
Farnborough North,GU14 8AQ,FNN
Farncombe,GU7 3NF,FNC
Farnham,GU9 8AD,FNH
Farningham Road,DA4 9JB,FNR
Farnworth,BL4 7SA,FNW
Farringdon,EC1M 6BY,ZFD
Fauldhouse,EH47 9DL,FLD
Faversham,ME13 8JJ,FAV
Faygate,RH12 4DN,FGT
Fazakerley,L9 9EW,FAZ
Fearn,IV20 1RP,FRN
Featherstone,WF7 5BN,FEA
Felixstowe,IP11 9UG,FLX
Feltham,TW13 4BZ,FEL
Fenchurch Street (London),EC3M 4AJ,FST
Feniton,EX14 3EX,FNT
Fenny Stratford,MK2 2XT,FEN
Fernhill,CF45 3DG,FER
Ferriby,HU14 3EH,FRY
Ferryside,SA17 5SF,FYS
Ffairfach,SA19 6UL,FFA
Filey,YO14 9PE,FIL
Filton Abbey Wood,BS34 7HZ,FIT
Finchley Road & Frognal,NW3 6EL,FNY
Finsbury Park,N4 2DQ,FPK
Finstock,OX7 3AW,FIN
Fishbourne,PO19 3QJ,FSB
Fishersgate,BN41 1LG,FSG
Fishguard Harbour,SA64 0BY,FGH
Fishguard and Goodwick,SA64 0DG,FGW
Fiskerton,NG25 0UD,FSK
Fitzwilliam,WF9 5BY,FZW
Five Ways,B15 1QA,FWY
Fleet,GU51 3QY,FLE
Flimby,CA15 8QQ,FLM
Flint,CH6 5PG,FLN
Flitwick,MK45 1DS,FLT
Flixton,M41 6JL,FLI
Flowery Field,SK14 4TF,FLF
Folkestone Central,CT19 5HB,FKC
Folkestone West,CT20 3PA,FKW
Ford,BN18 0BH,FOD
Forest Gate,E7 0NE,FOG
Forest Hill,SE23 3HB,FOH
Formby,L37 3PD,FBY
Forres,IV36 1GZ,FOR
Forsinard,KW13 6YT,FRS
Fort Matilda,PA16 7TU,FTM
Fort William,PH33 6EN,FTW
Four Oaks,B74 2UX,FOK
Foxfield,LA20 6BX,FOX
Foxton,CB22 6SH,FXN
Frant,TN3 9BJ,FRT
Fratton,PO1 5AW,FTN
Freshfield,L37 1YH,FRE
Freshford,BA3 6EQ,FFD
Frimley,GU16 5QH,FML
Frinton-on-Sea,CO13 9JT,FRI
Frizinghall,BD9 4JB,FZH
Frodsham,WA6 6PT,FRD
Frome,BA11 1RE,FRO
Fulwell,TW11 0SR,FLW
Furness Vale,SK23 7PQ,FNV
Furze Platt,SL6 7SQ,FZP
Gainsborough Central,DN21 2EX,GNB
Gainsborough Lea Road,DN21 1AJ,GBL
Galashiels,TD1 1BP,GAL
Garelochhead,G84 0DB,GCH
Garforth,LS25 2QQ,GRF
Gargrave,BD23 3PD,GGV
Garrowhill,G69 1AA,GAR
Garscadden,G13 3AE,GRS
Garsdale,LA10 5PP,GSD
Garston (Hertfordshire),WD25 9QG,GSN
Garswood,WN4 0TB,GSW
Gartcosh,G69 8DF,GRH
Garth (Mid Glamorgan),CF34 9ES,GMG
Garth (Powys),LD4 4AF,GTH
Garve,IV23 2QF,GVE
Gathurst,WN6 8JB,GST
Gatley,SK8 4AR,GTY
Gatwick Airport,RH6 0RD,GTW
Georgemas Junction,KW12 6XA,GGJ
Gerrards Cross,SL9 8PP,GER
Gidea Park,RM2 6DA,GDP
Giffnock,G46 6JJ,GFN
Giggleswick,BD24 0EB,GIG
Gilberdyke,HU15 2YB,GBD
Gilfach Fargoed,CF81 8LT,GFF
Gillingham (Dorset),SP8 4PZ,GIL
Gillingham (Kent),ME7 4PA,GLM
Gilshochill,G23 5AR,GSC
Gipsy Hill,SE19 1QL,GIP
Girvan,KA26 9JF,GIR
Glaisdale,YO21 2QL,GLS
Glan Conwy,LL28 5ED,GCW
Glasgow Central,G1 3SA,GLC
Glasgow Queen Street,G1 2AF,GLQ
Glasshoughton,WF10 4TA,GLH
Glazebrook,WA3 5DD,GLZ
Gleneagles,PH3 1JN,GLE
Glenfinnan,PH37 4LT,GLF
Glengarnock,KA14 3AT,GLG
Glenrothes with Thornton,KY1 4ED,GLT
Glossop,SK13 7DD,GLO
Gloucester,GL1 1DE,GCR
Glynde,BN8 6SS,GLY
Gobowen,SY11 3LX,GOB
Godalming,GU7 1EU,GOD
Godley,SK14 3SG,GDL
Godstone,RH9 8EU,GDN
Goldthorpe,S63 9BS,GOE
Golf Street,DD7 7JF,GOF
Golspie,KW10 6ST,GOL
Gomshall,GU5 9NB,GOM
Goodmayes,IG3 9TS,GMY
Goole,DN14 5DD,GOO
Goostrey,CW4 8PL,GTR
Gordon Hill,EN2 8RY,GDH
Gorebridge,EH23 4JX,GBG
Goring & Streatley,RG8 0ES,GOR
Goring-by-Sea,BN12 5AB,GBS
Gorton,M11 1WW,GTO
Gospel Oak,NW5 1LT,GPO
Gourock,PA19 1QR,GRK
Gowerton,SA4 3AJ,GWN
Goxhill,DN19 7HL,GOX
Grange Park,N21 1RF,GPK
Grange-over-Sands,LA11 6EH,GOS
Grangetown,CF11 7JD,GTN
Grantham,NG31 6BU,GRA
Grateley,SP11 7DX,GRT
Gravelly Hill,B23 7NH,GVH
Gravesend,DA11 0RR,GRV
Grays,RM17 6NQ,GRY
Great Ayton,TS9 6HG,GTA
Great Bentley,CO7 8LH,GRB
Great Chesterford,CB10 1QW,GRC
Great Coates,DN37 9NH,GCT
Great Malvern,WR14 3BX,GMV
Great Missenden,HP16 9AY,GMN
Great Yarmouth,NR30 1SD,GYM
Green Lane,CH41 9AN,GNL
Green Road,LA18 5JD,GNR
Greenbank,CW8 1JU,GBK
Greenfaulds,G67 2XJ,GRL
Greenfield,OL3 7JZ,GNF
Greenford,UB6 8PX,GFD
Greenhithe,DA9 9RE,GNH
Greenock Central,PA15 1DH,GKC
Greenock West,PA16 8UH,GKW
Greenwich,SE10 8QJ,GNW
Gretna Green,DG16 5DU,GEA
Grimsby Docks,DN31 3AG,GMD
Grimsby Town,DN31 1LY,GMB
Grindleford,S32 2HY,GRN
Grosmont,YO22 5PX,GMT
Grove Park,SE12 9TJ,GRP
Guide Bridge,OL7 0LJ,GUI
Guildford,GU1 4UT,GLD
Guiseley,LS20 9HQ,GSY
Gunnersbury,W4 4DD,GUN
Gunnislake,PL18 9DX,GSL
Gunton,NR11 8UE,GNT
Gwersyllt,LL11 4SA,GWE
Gypsy Lane,TS7 0DY,GYP
Habrough,DN40 3AP,HAB
Hackbridge,SM6 7BJ,HCB
Hackney Central,E8 1LR,HKC
Hackney Downs,E8 1LP,HAC
Hackney Wick,E9 5ER,HKW
Haddenham and Thame Parkway,HP17 8EQ,HDM
Haddiscoe,NR31 9JA,HAD
Hadfield,SK13 2AQ,HDF
Hadley Wood,EN4 0EL,HDW
Hag Fold,M46 9SG,HGF
Haggerston,,HGG
Hagley,DY9 0NX,HAG
Hairmyres,G74 5LW,HMY
Hale,WA15 9AD,HAL
Halesworth,IP19 8JS,HAS
Halewood,L26 0TQ,HED
Halifax,HX3 9XU,HFX
Hall Green,B28 8JX,HLG
Hall i' th' Wood,BL2 3AD,HID
Hall Road,L23 6XX,HLR
Halling,ME2 1BN,HAI
Haltwhistle,NE49 9HN,HWH
Ham Street,TN26 2DU,HMT
Hamble,SO31 4HT,HME
Hamilton Central,ML3 6QL,HNC
Hamilton Square,CH41 1AL,BKQ
Hamilton West,ML3 9AY,HNW
Hammerton,YO26 8DN,HMM
Hampden Park,BN22 9ND,HMD
Hampstead Heath,NW3 2QF,HDH
Hampton,TW12 2HU,HMP
Hampton Court,KT8 9AE,HMC
Hampton Wick,KT1 4WB,HMW
Hampton-in-Arden,B92 0BH,HIA
Hamstead,B42 1DE,HSD
Hamworthy,BH16 5DB,HAM
Hanborough,OX8 8LA,HND
Handforth,SK9 3AB,HTH
Hanwell,W7 3EB,HAN
Hapton,BB12 7LG,HPN
Harlech,LL46 2UF,HRL
Harlesden,NW10 8NZ,HDN
Harling Road,NR16 2QR,HRD
Harlington,LU5 6LU,HLN
Harlow Mill,CM20 2EL,HWM
Harlow Town,CM20 2TD,HWN
Harold Wood,RM3 0PE,HRO
Harpenden,AL5 4SP,HPD
Harrietsham,ME17 1JA,HRM
Harringay,N4 1RE,HGY
Harringay Green Lanes,N4 1DR,HRY
Harrington,CA14 5QD,HRR
Harrogate,HG1 1TF,HGT
Harrow & Wealdstone,HA3 5AG,HRW
Harrow-on-the-Hill,HA1 1BB,HOH
Hartford,CW8 2AE,HTF
Hartlebury,DY10 4HA,HBY
Hartlepool,TS24 7ED,HPL
Hartwood,ML7 5DU,HTW
Harwich International,CO12 4SP,HPQ
Harwich Town,CO12 3NA,HWC
Haslemere,GU27 1DB,HSL
Hassocks,BN6 8JD,HSK
Hastings,TN34 1BA,HGS
Hatch End,HA5 4HU,HTE
Hatfield (Hertfordshire),AL9 5AB,HAT
Hatfield and Stainforth,DN7 5HL,HFS
Hatfield Peverel,CM3 2DX,HAP
Hathersage,S32 1DR,HSG
Hattersley,SK14 3BJ,HTY
Hatton,CV35 7LE,HTN
Havant,PO9 2AA,HAV
Havenhouse,PE24 4AR,HVN
Haverfordwest,SA61 2LY,HVF
Hawarden,CH5 3EG,HWD
Hawarden Bridge,CH5 1PY,HWB
Hawkhead,PA2 7AS,HKH
Haydon Bridge,NE47 6LN,HDB
Haydons Road,SW19 8RP,HYR
Hayes (Kent),BR2 7DL,HYS
Hayes and Harlington,UB3 4BX,HAY
Hayle,TR27 4NG,HYL
Haymarket,EH11 2BD,HYM
Haywards Heath,RH16 1DB,HHE
Hazel Grove,SK7 4EX,HAZ
Headcorn,TN27 9SD,HCN
Headingley,LS5 3LD,HDY
Headstone Lane,HA2 6NE,HDL
Heald Green,SK8 3PZ,HDG
Healing,DN41 7RY,HLI
Heath High Level,CF23 5QJ,HHL
Heath Low Level,CF14 3RJ,HLL
"Heathrow Terminals 1, 2 and 3",TW6 1WD,HXX
Heathrow Terminal 4,TW6 3AA,HAF
Heathrow Terminal 5,TW6 2GA,HWV
Heaton Chapel,SK4 4RL,HTC
Hebden Bridge,HX7 6JD,HBD
Heckington,NG34 9UP,HEC
Hedge End,SO30 2XB,HDE
Hednesford,WS11 3EG,HNF
Heighington,DL5 6QG,HEI
Helensburgh Central,G84 7EE,HLC
Helensburgh Upper,G84 9AG,HLU
Hellifield,BD23 4HN,HLD
Helmsdale,KW8 6HT,HMS
Helsby,WA6 0AG,HSB
Hemel Hempstead,HP3 9BQ,HML
Hendon,NW9 6AX,HEN
Hengoed,CF82 7LT,HNG
Henley-in-Arden,B95 5JF,HNL
Henley-on-Thames,RG9 1BE,HOT
Hensall,DN14 0QN,HEL
Hereford,HR1 1BB,HFD
Herne Bay,CT6 8PJ,HNB
Herne Hill,SE24 0JW,HNH
Hersham,KT12 3RW,HER
Hertford East,SG14 1SB,HFE
Hertford North,SG14 1NB,HFN
Hessle,HU13 0EY,HES
Heswall,CH60 1XQ,HSW
Hever,TN8 7ER,HEV
Heworth,NE10 0LW,HEW
Hexham,NE46 1ET,HEX
Heyford,OX6 3PD,HYD
Heysham Port,LA3 2XE,HHB
High Brooms,TN2 3XE,HIB
High Street Glasgow,G1 1QF,HST
High Wycombe,HP13 6NN,HWY
Higham,ME3 7JQ,HGM
Highams Park,E4 9LA,HIP
Highbridge and Burnham,TA9 3BT,HIG
Highbury and Islington,N1 1SB,HHY
Hightown,L38 3RX,HTO
Hildenborough,TN11 8LX,HLB
Hillfoot,G61 2BT,HLF
Hillington East,G52 2LJ,HLE
Hillington West,G52 4EW,HLW
Hillside,PR8 2LN,HIL
Hilsea,PO3 5RQ,HLS
Hinchley Wood,KT10 0SR,HYW
Hinckley,LE10 1UE,HNK
Hindley,WN2 2QL,HIN
Hinton Admiral,BH23 7DP,HNA
Hitchin,SG4 9UL,HIT
Hither Green,SE13 6HE,HGR
Hockley,SS5 4BG,HOC
Hollingbourne,ME17 1TX,HBN
Hollinwood,OL9 7LG,HOD
Holmes Chapel,CW4 8AA,HCH
Holmwood,RH5 4UZ,HLM
Holton Heath,BH16 6JX,HOL
Holyhead,LL65 1DQ,HHD
Holytown,ML1 4LU,HLY
Homerton,E9 6AP,HMN
Honeybourne,WR11 5XR,HYB
Honiton,EX14 2DA,HON
Honley,HD7 2LJ,HOY
Honor Oak Park,SE23 1NX,HPA
Hook,RG27 9HS,HOK
Hooton,CH66 7NL,HOO
Hope (Flintshire),LL12 9NJ,HPE
Hope (Derbyshire),S33 6RE,HOP
Hopton Heath,SY7 0QD,HPT
Horley,RH6 9HB,HOR
Hornbeam Park,HG2 8BW,HBP
Hornsey,N8 7EA,HRN
Horsforth,LS18 5NP,HRS
Horsham,RH13 5RB,HRH
Horsley,KT24 6QX,HSY
Horton-in-Ribblesdale,BD24 0HL,HIR
Horwich Parkway,BL6 6LB,HWI
Hoscar,L40 4BQ,HSC
Hough Green,WA8 7XU,HGN
Hounslow,TW3 2EB,HOU
Hove,BN3 6HW,HOV
Hoveton and Wroxham,NR12 8UT,HXM
How Wood (Hertfordshire),AL2 2JL,HWW
Howden,DN14 7LD,HOW
Howwood (Renfrewshire),PA9 1XX,HOZ
Hoxton,,HOX
Hoylake,CH47 2AB,HYK
Hubberts Bridge,PE20 3QR,HBB
Hucknall,NG15 8AH,HKN
Huddersfield,HD1 1JF,HUD
Hull Paragon Interchange,HU3 2LL,HUL
Humphrey Park,M32 9QD,HUP
Huncoat,BB5 6NQ,HCT
Hungerford,RG17 0DX,HGD
Hunmanby,YO14 0LR,HUB
Huntingdon,PE29 3BP,HUN
Huntly,AB54 6HZ,HNT
Hunts Cross,L25 0NL,HNX
Hurst Green,RH8 0LL,HUR
Hutton Cranswick,YO25 9QY,HUT
Huyton,L36 5XA,HUY
Hyde Central,SK14 1BW,HYC
Hyde North,SK16 5LJ,HYT
Hykeham,LN6 9AT,HKM
Hyndland,G12 9YH,HYN
Hythe (Essex),CO2 8JZ,HYH
IBM,PA16 0AJ,IBM
Ifield,RH11 0JP,IFI
Ilford,IG1 2DG,IFD
Ilkley,LS29 8HF,ILK
Imperial Wharf,SW10 9xx,IMW
Ince (Manchester),WN3 4RH,INC
Ince and Elton,CH2 4NE,INE
Ingatestone,CM4 0BH,INT
Insch,AB52 6WN,INS
Invergordon,IV18 0RQ,IGD
Invergowrie,DD2 5AP,ING
Inverkeithing,KY11 1NJ,INK
Inverkip,PA16 0BE,INP
Inverness,IV1 1LF,INV
Invershin,IV27 4ET,INH
Inverurie,AB51 4TN,INR
Ipswich,IP2 8AN,IPS
Irlam,M44 5AB,IRL
Irvine,KA12 8NU,IRV
Isleworth,TW7 4BY,ISL
Islip,OX5 2TQ,ISP
Iver,SL0 9AT,IVR
Ivybridge,TQ9 5JR,IVY
James Cook,TS4 3BW,JCH
James Street,L2 7PQ,LVJ
Jewellery Quarter,B18 6LE,JEQ
Johnston,SA62 3PZ,JOH
Johnstone,PA5 8HE,JHN
Jordanhill,G13 1QL,JOR
Kearsley,BL4 8DU,KSL
Kearsney,CT17 0RN,KSN
Keighley,BD21 4HP,KEI
Keith,AB55 5GB,KEH
Kelvedon,CO5 9LT,KEL
Kelvindale,G20 0TA,KVD
Kemble,GL7 6AU,KEM
Kempston Hardwick,MK43 9NR,KMH
Kempton Park,TW16 5BX,KMP
Kemsing,TN15 6YP,KMS
Kemsley,ME10 2PL,KML
Kendal,LA9 6SA,KEN
Kenley,CR8 5DF,KLY
Kennett,CB8 7QF,KNE
Kennishead,G46 8HN,KNS
Kensal Green,NW10 5JT,KNL
Kensal Rise,NW10 5RT,KNR
Kensington (Olympia),W14 8HW,KPA
Kent House,BR3 1JD,KTH
Kentish Town,NW5 2TU,KTN
Kentish Town West,NW5 3ED,KTW
Kenton,HA3 0JA,KNT
Kents Bank,LA11 7BG,KBK
Kettering,NN15 7JT,KET
Kew Bridge,TW8 0JA,KWB
Kew Gardens,TW9 3QA,KWG
Keyham,PL2 2BD,KEY
Keynsham,BS31 2BT,KYN
Kidbrooke,SE3 9PL,KDB
Kidderminster,DY10 1UG,KID
Kidsgrove,ST7 1BX,KDG
Kidwelly,SA17 4UW,KWL
Kilburn High Road,NW6 5UD,KBN
Kildale,YO21 2RJ,KLD
Kildonan,KW8 6HY,KIL
Kilgetty,SA68 0XR,KGT
Kilmarnock,KA1 2AF,KMK
Kilmaurs,KA3 2TU,KLM
Kilpatrick,G60 5LX,KPT
Kilwinning,KA13 6NT,KWN
Kinbrace,KW11 6UB,KBC
Kingham,OX7 6UP,KGM
Kinghorn,KY3 9RA,KGH
King's Cross,N1 9AX,KGX
King's Cross Thameslink,N1 9NL,KCM
Kings Langley,WD4 8LL,KGL
King's Lynn,PE30 1NX,KLN
Kings Norton,B30 1AB,KNN
King's Nympton,EX37 9EU,KGN
King's Park,G44 4HS,KGP
Kings Sutton,OX17 3NZ,KGS
Kingsknowe,EH14 2EF,KGE
Kingston,KT1 1UJ,KNG
Kingswood,KT20 6HS,KND
Kingussie,PH21 1JA,KIN
Kintbury,RG17 9UN,KIT
Kirby Cross,CO13 0LU,KBX
Kirk Sandall,DN3 1SE,KKS
Kirkby (Merseyside),L32 2AE,KIR
Kirkby-in-Ashfield,NG17 8DB,KKB
Kirkby-in-Furness,LA17 7TA,KBF
Kirkby Stephen,CA17 4LF,KSW
Kirkcaldy,KY1 1YL,KDY
Kirkconnel,DG4 6LU,KRK
Kirkdale,L20 2BX,KKD
Kirkham and Wesham,PR4 3AH,KKM
Kirkhill,G72 8NB,KKH
Kirknewton,EH27 8DD,KKN
Kirkstall Forge,LS5 3NF,KLF
Kirkwood,ML5 5NQ,KWD
Kirton Lindsey,DN21 4BE,KTL
Kiveton Bridge,S26 6QX,KIV
Kiveton Park,S26 6NP,KVP
Knaresborough,HG5 8BX,KNA
Knebworth,SG3 6HL,KBW
Knighton,LD7 1DY,KNI
Knockholt,TN14 7HR,KCK
Knottingley,WF11 8RN,KNO
Knucklas,LD7 1RR,KNU
Knutsford,WA16 6DN,KNF
Kyle of Lochalsh,IV40 8AQ,KYL
Ladybank,KY15 7JY,LDY 
Ladywell,SE13 7XB,LAD 
Laindon,SS15 6AB,LAI 
Lairg,IV27 4DH,LRG 
Lake,PO36 8PJ,LKE 
Lakenheath,IP27 9AD,LAK 
Lamphey,SA71 5NR,LAM 
Lanark,ML11 7NR,LNK 
Lancaster,LA1 5NW,LAN 
Lancing,BN15 9HH,LAC 
Landywood,WS6 6JE,LAW 
Langbank,PA14 6YA,LGB 
Langho,BB6 8ED,LHO 
Langley (Berkshire),SL3 6DB,LNY 
Langley Green,B69 4LZ,LGG 
Langley Mill,NG16 4AP,LGM 
Langside,G43 2EP,LGS 
Langwathby,CA10 1NA,LGW 
Langwith-Whaley Thorns,NG20 9BW,LAG 
Lapford,EX17 6AE,LAP 
Lapworth,B94 6LP,LPW 
Larbert,FK5 4AW,LBT 
Largs,KA30 8AN,LAR 
Larkhall,ML9 1DP,LRH 
Laurencekirk,AB30 1NN,LAU 
Lawrence Hill,BS5 9JD,LWH 
Layton,FY3 7JY,LAY 
Lazonby and Kirkoswald,CA10 1BQ,LZB 
Lea Bridge,,LEB
Lea Green,WA9 4QF,LEG 
Lea Hall,B33 8JU,LEH 
Leagrave,LU4 9BA,LEA 
Lealholm,YO21 2AG,LHM 
Leamington Spa,CV31 3NS,LMS 
Leasowe,CH46 1QN,LSW 
Leatherhead,KT22 7SQ,LHD 
Ledbury,HR8 1AR,LED 
Lee,SE12 0AD,LEE 
Leeds,LS1 4JB,LDS 
Leicester,LE2 0HH,LEI 
Leigh (Kent),TN11 8RU,LIH 
Leigh On Sea,SS9 2ET,LES 
Leighton Buzzard,LU7 7LY,LBZ 
Lelant,TR26 3DW,LEL 
Lelant Saltings,TR27 6HB,LTS 
Lenham,ME17 2HR,LEN 
Lenzie,G66 4LP,LNZ 
Leominster,HR6 8AR,LEO 
Letchworth Garden City,SG6 3AN,LET 
Leuchars,KY16 0AA,LEU 
Levenshulme,M19 3PJ,LVM 
Lewes,BN7 2XP,LWS 
Lewisham,SE13 7SA,LEW 
Leyland,PR5 2XB,LEY 
Leyton Midland Road,E10 6RN,LEM 
Leytonstone High Road,E11 4RP,LER 
Lichfield City,WS14 9DZ,LIC 
Lichfield Trent Valley,WS14 9HY,LTV 
Lidlington,MK43 0RE,LID 
Limehouse,E14 7JD,LHS 
Lincoln Central,LN5 7EW,LCN 
Lingfield,RH7 6EH,LFD 
Lingwood,NR13 4BB,LGD 
Linlithgow,EH49 6AF,LIN 
Liphook,GU30 7DN,LIP 
Lisburn,BT28 1XW,LBN
Liskeard,PL14 4DZ,LSK 
Liss,GU33 7AB,LIS 
Lisvane and Thornhill,CF14 0UE,LVT 
Little Kimble,HP17 0XN,LTK 
Little Sutton,CH66 1NU,LTT 
Littleborough,OL15 8DE,LTL 
Littlehampton,BN17 7BX,LIT 
Littlehaven,RH12 4BW,LVN 
Littleport,CB6 1JL,LTP 
Liverpool Central,L1 1JT,LVC 
Liverpool Lime Street,L1 1RJ,LIV 
Liverpool South Parkway,L19 5NE,LPY 
Livingston North,EH54 8PL,LSN 
Livingston South,EH54 9DA,LVG 
Llanaber,LL42 1AZ,LLA 
Llanbedr,LL45 2LR,LBR 
Llanbister Road,LD1 5UW,LLT 
Llanbradach,CF83 3NE,LNB 
Llandaf,CF14 2EZ,LLN 
Llandanwg,LL46 2SD,LDN 
Llandecwyn,LL47 6YN,LLC 
Llandeilo,SA19 6LE,LLL 
Llandovery,SA20 0BE,LLV 
Llandrindod,LD1 5BB,LLO 
Llandudno,LL30 2AF,LLD 
Llandudno Junction,LL31 9NB,LLJ 
Llandybie,SA18 3UN,LLI 
Llanelli,SA15 2RN,LLE 
Llanfairfechan,LL33 0BP,LLF 
Llanfairpwll,LL61 5UJ,LPG 
Llangadog,SA19 9LU,LLG 
Llangammarch,LD4 4EE,LLM 
Llangennech,SA14 8UY,LLH 
Llangynllo,LD7 1TA,LGO 
Llanharan,CF72 9QA,LLR 
Llanhilleth,NP13 2HT,LTH 
Llanishen,CF14 0SA,LLS 
Llanrwst,LL26 0EG,LWR 
Llansamlet,SA7 9BP,LAS 
Llantwit Major,CF61 2XD,LWM 
Llanwrda,SA19 8EH,LNR 
Llanwrtyd,LD5 4RP,LNW 
Llwyngwril,LL37 2JS,LLW 
Llwynypia,CF40 2JH,LLY 
Lochailort,PH38 4LZ,LCL 
Loch Awe,PA33 1AQ,LHA 
Loch Eil Outward Bound,PH33 7NW,LHE 
Locheilside,PH33 7NP,LCS 
Lochgelly,KY5 9EL,LCG 
Lochluichart,IV23 2PZ,LCC 
Lochwinnoch,PA12 4JF,LHW 
Lockerbie,DG11 2HE,LOC 
Lockwood,HD1 3SW,LCK 
London Blackfriars,EC4V 4DY,BFR 
London Bridge,SE1 2SZ,LBG 
London Cannon Street,EC4R 2AT,CST 
London Charing Cross,WC2N 6NN,CHX 
London Euston,NW1 2RZ,EUS 
London Fenchurch Street,EC3M 4AJ,FST 
London Fields,E8 3PH,LOF 
London King's Cross,N1 9AX,KGX 
London Liverpool Street,EC2A 2HL,LST 
London Marylebone,NW1 6JR,MYB 
London Paddington,W2 6HT,PAD 
London Road (Brighton),BN1 4QS,LRB 
London Road (Guildford),GU1 4DQ,LRD 
London St Pancras,NW1 2QL,STP 
London Victoria,SW1E 5ND,VIC 
London Waterloo,SE1 7NS,WAT 
London Waterloo East,SE1 8TD,WAE 
London Waterloo International,SE1 7NS,WIT 
Londonderry (Nir),BT47 6DH,LDR
Long Buckby,NN6 7PF,LBK 
Long Eaton,NG10 3GL,LGE 
Long Preston,BD23 4RY,LPR 
Longbeck,TS11 6HD,LGK 
Longbridge,B31 4HG,LOB 
Longcross,GU25 4JR,LNG 
Longfield,DA3 7QA,LGF 
Longniddry,EH32 0LS,LND 
Longport,ST6 4NF,LPT 
Longton,ST3 2JG,LGN 
Looe,PL13 1LS,LOO 
Lostock,BL6 4JP,LOT 
Lostock Gralam,CW9 7PR,LTG 
Lostock Hall,PR5 5BU,LOH 
Lostwithiel,PL22 0DY,LOS 
Loughborough,LE11 1ET,LBO 
Loughborough Junction,SW9 8SA,LGJ 
Low Moor,BD12 7BD,LMR 
Lowdham,NG14 7HH,LOW 
Lower Sydenham,SE26 5BN,LSY 
Lowestoft,NR32 2EG,LWT 
Ludlow,SY8 1PY,LUD 
Luton,LU1 2LT,LUT 
Luton Airport Parkway,LU2 0ZZ,LTN 
Luxulyan,PL30 5EF,LUX 
Lydney,GL15 5ER,LYD 
Lye,DY9 8ES,LYE 
Lymington Pier,SO41 5ZE,LYP 
Lymington Town,SO41 9AY,LYT 
Lympstone Commando,EX8 5AR,LYC 
Lympstone Village,EX8 5EU,LYM 
Lytham,FY8 5PA,LTM 
Macclesfield,SK10 1JD,MAC 
Machynlleth,SY20 8TG,MCN 
Maesteg,CF34 9BN,MST 
Maesteg (Ewenny Road),CF34 9TS,MEW 
Maghull,L31 3DE,MAG 
Maiden Newton,DT2 0BP,MDN 
Maidenhead,SL6 1EW,MAI 
Maidstone Barracks,ME16 0SQ,MDB 
Maidstone East,ME14 1QL,MDE 
Maidstone West,ME16 8RJ,MDW 
Malden Manor,KT3 5PN,MAL 
Mallaig,PH41 4QA,MLG 
Malton,YO17 9RD,MLT 
Malvern Link,WR14 1JE,MVL 
Manchester Airport,M90 3RR,MIA 
Manchester Oxford Road,M1 6FU,MCO 
Manchester Piccadilly,M1 2PZ,MAN 
Manchester United Football Ground,M16 OQG,MUF 
Manchester Victoria,M3 1AR,MCV 
Manea,PE15 0HQ,MNE 
Manningtree,CO11 2LH,MNG 
Manor Park,E12 5DA,MNP 
Manor Road,CH47 3DS,MNR 
Manorbier,SA70 7SN,MRB 
Manors,NE1 2HQ,MAS 
Mansfield,NG18 1LP,MFT 
Mansfield Woodhouse,NG19 9NW,MSW 
March,PE15 8SL,MCH 
Marden (Kent),TN12 9HS,MRN 
Margate,CT9 5AD,MAR 
Market Harborough,LE16 7QE,MHR 
Market Rasen,LN8 3AW,MKR 
Markinch,KY7 6AQ,MNC 
Marks Tey,CO6 1ED,MKT 
Marlow,SL7 1NT,MLW 
Marple,SK6 7DA,MPL 
Marsden (Yorkshire),HD7 6AX,MSN 
Marske,TS11 6JH,MSK 
Marston Green,B37 7AF,MGN 
Martin Mill,CT15 5LD,MTM 
Martins Heron,RG12 9YY,MAO 
Marton,TS3 0SR,MTO 
Maryhill,G20 0BT,MYH 
Maryland,E15 1EY,MYL 
Marylebone (London),NW1 6JR,MYB 
Maryport,CA15 6NQ,MRY 
Matlock,DE4 3NA,MAT 
Matlock Bath,DE4 3NT,MTB 
Mauldeth Road,M14 6SE,MAU 
Maxwell Park,G41 4LG,MAX 
Maybole,KA19 8AF,MAY 
Maze Hill,SE10 9XR,MZH 
Meadowhall,S4 7YU,MHS 
Meldreth,SG8 6JU,MEL 
Melksham,SN12 8DB,MKM 
Melton (Suffolk),IP12 1LT,MES 
Melton Mowbray,LE13 1AW,MMO 
Menheniot,PL14 3UF,MEN 
Menston,LS29 6QG,MNN 
Meols,CH47 8XZ,MEO 
Meols Cop,PR9 7DD,MEC 
Meopham,DA13 0LX,MEP 
Merryton,,MEY 
Merstham,RH1 3AP,MHM 
Merthyr Tydfil,CF47 8DH,MER 
Merthyr Vale,CF48 4TE,MEV 
Metheringham,LN4 3HD,MGM 
Metro Centre (Gateshead),NE11 9XG,MCE 
Mexborough,S64 9AQ,MEX 
Micheldever,SO21 3AW,MIC 
Micklefield,LS25 4DQ,MIK 
Middlesbrough,TS1 1DR,MBR 
Middlewood,SK12 1UA,MDL 
Midgham,RG7 5SJ,MDG 
Milford (Surrey),GU8 5AD,MLF 
Milford Haven,SA73 3AU,MFH 
Mill Hill (Lancashire),BB2 4BY,MLH 
Mill Hill Broadway,NW7 2JU,MIL 
Millbrook (Bedfordshire),MK45 2JH,MLB 
Millbrook (Hampshire),SO15 3SE,MBK 
Milliken Park,PA10 2DA,MIN 
Millom,LA18 5AA,MLM 
Mills Hill (Manchester),M24 2EH,MIH 
Milngavie,G62 6NB,MLN 
Milnrow,OL16 4HD,MLR 
Milton Keynes Central,MK9 1DB,MKC 
Minffordd,LL48 6HF,MFF 
Minster,CT12 4BW,MSR 
Mirfield,WF14 8PT,MIR 
Mistley,CO11 1HG,MIS 
Mitcham Eastfields,,MTC 
Mitcham Junction,CR4 4HN,MIJ 
Mobberley,WA16 7QJ,MOB 
Monifieth,DD5 4NG,MON 
Monks Risborough,HP27 9JQ,MRS 
Montpelier,BS6 5HA,MTP 
Montrose,DD10 8DE,MTS 
Moorfields,L2 2BL,MRF 
Moorgate,Map,MOG 
Moorside,M27 9RJ,MSD 
Moorthorpe,WF9 3AT,MRP 
Morar,PH40 4PB,MRR 
Morchard Road,EX17 5LR,MRD 
Morden South,SM4 5HA,MDS 
Morecambe,LA4 4DW,MCM 
Moreton (Dorset),DT2 8BD,MTN 
Moreton (Merseyside),CH46 6AA,MRT 
Moreton-in-Marsh,GL56 0JR,MIM 
Morfa Mawddach,LL39 1BQ,MFA 
Morley,LS27 8LJ,MLY 
Morpeth,NE61 2SW,MPT 
Mortimer,RG7 3NY,MOR 
Mortlake,SW14 8LL,MTL 
Moses Gate,BL3 2QH,MSS 
Moss Side,FY8 4NB,MOS 
Mossley (Manchester),OL5 0AB,MSL 
Mossley Hill,L18 8EE,MSH 
Mosspark,G52 3EX,MPK 
Moston,M40 5AA,MSO 
Motherwell,ML1 3JA,MTH 
Motspur Park,KT3 6QS,MOT 
Mottingham,SE9 4EN,MTG 
Mottisfont & Dunbridge,SO51 0RA,DBG
Mouldsworth,CH3 8AJ,MLD 
Moulsecoomb,BN2 4GP,MCB 
Mount Florida,G42 9DN,MFL 
Mount Vernon,G32 9RD,MTV 
Mountain Ash,CF45 3HD,MTA 
Muir of Ord,IV6 7TJ,MOO 
Muirend,G44 3ES,MUI 
Musselburgh,EH21 6TR,MUB 
Mytholmroyd,HX7 5DU,MYT 
Nafferton,YO25 4LU,NFN 
Nailsea and Backwell,BS48 3LE,NLS 
Nairn,IV12 4QP,NRN 
Nantwich,CW5 7BG,NAN 
Narberth,SA67 8TY,NAR 
Narborough,LE9 5HR,NBR 
Navigation Road,WA15 6RJ,NVR 
Neath,SA11 1BY,NTH 
Needham Market,IP6 8AS,NMT 
Neilston,G78 3DY,NEI 
Nelson,BB9 9AW,NEL 
Neston,CH64 3RG,NES 
Netherfield,NG4 2FP,NET 
Nethertown,CA22 2UQ,NRT 
Netley,SO31 5AX,NTL 
New Barnet,EN5 1LW,NBA 
New Beckenham,BR3 1QJ,NBC 
New Brighton,CH45 2NY,NBN 
New Clee,DN31 3AE,NCE 
New Cross,SE14 6LL,NWX 
New Cross Gate,SE14 6BL,NXG 
New Cumnock,KA18 4DF,NCK 
New Eltham,SE9 2AA,NEH 
New Holland,DN19 7RU,NHL 
New Hythe,ME20 6XS,NHE 
New Lane,L40 0RP,NLN 
New Malden,KT3 4JQ,NEM 
New Mills Central,SK22 3FB,NMC 
New Mills Newtown,SK22 3JW,NMN 
New Milton,BH25 6JS,NWM 
New Pudsey,LS28 6QG,NQC 
New Southgate,N11 1QH,NSG 
Newark Castle,NG24 1BW,NCT 
Newark North Gate,NG24 1LP,NNG 
Newbridge,NP11 5FH,NBE 
Newbury,RG14 7LP,NBY 
Newbury Racecourse,RG14 5UT,NRC 
Newcastle,NE1 5DL,NCL 
Newcourt,,NCO 
Newcraighall,EH21 8SG,NEW 
Newhaven Harbour,BN9 0BB,NVH 
Newhaven Town,BN9 0AS,NVN 
Newhey,OL16 3RW,NHY 
Newington,ME9 7LQ,NGT 
Newmarket,CB8 9WT,NMK 
Newport (Essex),CB11 3RN,NWE 
Newport (South Wales),NP20 4AA,NWP 
Newquay,TR7 1SE,NQY 
Newry,BT35 6JW,NWY
Newstead,NG17 9AQ,NSD 
Newton (Lanark),ML12 6HT,NTN 
Newton Abbot,TQ12 2BT,NTA 
Newton Aycliffe,DL5 7BD,NAY 
Newton for Hyde,SK14 4AE,NWN 
Newton-on-Ayr,KA8 8LL,NOA 
Newton St Cyres,EX5 5AS,NTC 
Newton-le-Willows,WA12 9SF,NLW 
Newtongrange,,NEG 
Newtonmore,PH20 1AL,NWR 
Newtown (Powys),SY16 1BE,NWT 
Ninian Park,CF11 8AH,NNP 
Nitshill,G53 7NX,NIT 
Norbiton,KT1 3QT,NBT 
Norbury,SW16 4BU,NRB 
Normans Bay,BN24 6PR,NSB 
Normanton,WF6 2BP,NOR 
North Berwick,EH39 4DA,NBW 
North Camp,GU12 5QA,NCM 
North Dulwich,SE22 8TB,NDL 
North Fambridge,CM3 6NE,NFA 
North Llanrwst,LL26 0EG,NLR 
North Queensferry,KY11 1JH,NQU 
North Road,DL3 6ST,NRD 
North Sheen,TW9 4QQ,NSH 
North Walsham,NR28 0DT,NWA 
North Wembley,HA9 7NT,NWB 
North Woolwich,E16 2JD,NWW 
Northallerton,DL7 8DE,NTR 
Northampton,NN1 1SP,NMP 
Northfield,B31 3UB,NFD 
Northfleet,DA11 9DY,NFL 
Northolt Park,UB5 4PB,NLT 
Northumberland Park,N17 0UQ,NUM 
Northwich,CW9 7FF,NWI 
Norton Bridge,ST15 0NY,NTB 
Norwich,NR1 1EF,NRW 
Norwood Junction,SE25 5AQ,NWD 
Nottingham,NG2 3AQ,NOT 
Nuneaton,CV11 4BU,NUN 
Nunhead,SE15 3XD,NHD 
Nunthorpe,TS7 0BL,NNT 
Nutbourne,PO18 8SJ,NUT 
Nutfield,RH1 5RR,NUF 
Oakengates,TF2 6DT,OKN 
Oakham,LE15 6RE,OKM 
Oakleigh Park,EN4 8DR,OKL 
Oban,PA34 4NU,OBN 
Ockendon,RM15 6PD,OCK 
Ockley,RH5 5HT,OLY 
Okehampton,EX20 1EJ,OKE 
Old Hill,B64 6PL,OHL 
Old Roan,L10 3JG,ORN 
Old Street,EC1V 9NR,OLD 
Oldfield Park,BA2 3RN,OLF 
Olton,B92 8BS,OLT 
Ore,TN34 3SN,ORE 
Ormskirk,L39 2YN,OMS 
Orpington,BR6 0SX,ORP 
Orrell,WN5 8TH,ORR 
Orrell Park,L9 8BU,OPK 
Otford,TN14 5QY,OTF 
Oulton Broad North,NR32 3LJ,OUN 
Oulton Broad South,NR33 8QX,OUS 
Outwood,WF3 3HR,OUT 
Overpool,CH66 3NP,OVE 
Overton,RG25 3JJ,OVR 
Oxenholme Lake District,LA9 7HF,OXN 
Oxford,OX1 1HS,OXF 
Oxford Parkway,OX2 8HA,OXP 
Oxford Road (Manchester),M1 6FU,MCO 
Oxshott,KT22 0TA,OXS 
Oxted,RH8 0QD,OXT 
Paddington (London),W2 6HT,PAD 
Paddock Wood,TN12 6ER,PDW 
Padgate,WA2 0QT,PDG 
Paignton,TQ4 5EF,PGN 
Paisley Canal,PA1 1YU,PCN 
Paisley Gilmour Street,PA1 1BS,PYG 
Paisley St James,PA3 1RQ,PYJ 
Palmers Green,N13 4QU,PAL 
Pangbourne,RG8 7DY,PAN 
Pannal,HG3 1JL,PNL 
Pantyffynnon,SA18 3HN,PTF 
Par,PL24 2LT,PAR 
Parbold,WN8 7DD,PBL 
Park Street,AL2 2NZ,PKT 
Parkstone,BH14 8TE,PKS 
Parson Street,BS3 5NG,PSN 
Partick,G11 6DB,PTK 
Parton,CA28 6NZ,PRN 
Patchway,BS34 6HW,PWY 
Patricroft,M30 0UR,PAT 
Patterton,G77 6NR,PTT 
Peartree,DE23 8WP,PEA 
Peckham Rye,SE15 4QL,PMR 
Pegswood,NE61 6SJ,PEG 
Pemberton,WN5 8DE,PEM 
Pembrey and Burry Port,SA16 0LP,PBY 
Pembroke,SA71 4AD,PMB 
Pembroke Dock,SA72 6HJ,PMD 
Pen-y-Bont,LD1 6RE,PNY 
Penally,SA70 7PS,PNA 
Penarth,CF64 3EB,PEN 
Pencoed,CF35 5NN,PCD 
Pengam,NP12 3XX,PGM 
Penge East,SE26 5HT,PNE 
Penge West,SE20 8RZ,PNW 
Penhelig,LL35 0PS,PHG 
Penistone,S36 6HN,PNS 
Penkridge,ST19 5AJ,PKG 
Penmaenmawr,LL34 6AT,PMW 
Penmere,TR11 4AE,PNM 
Penrhiwceiber,CF45 3SS,PER 
Penrhyndeudraeth,LL48 6LL,PRH 
Penrith,CA11 7JQ,PNR 
Penryn Cornwall,TR10 8QW,PYN 
Pensarn,LL45 2HU,PES 
Penshurst,TN11 8JJ,PHR 
Pentre-bach,CF48 4BD,PTB 
Penychain,LL53 6HJ,PNC 
Penyffordd,CH4 0JT,PNF 
Penzance,TR18 2DB,PNZ 
Perranwell,TR3 7LF,PRW 
Perry Barr,B20 3JE,PRY 
Pershore,WR10 2DJ,PSH 
Perth,PH2 0DR,PTH 
Peterborough,PE1 1QL,PBO 
Petersfield,GU32 3EE,PTR 
Petts Wood,BR5 1DH,PET 
Pevensey and Westham,BN24 5NB,PEV 
Pevensey Bay,BN24 6AA,PEB 
Pewsey,SN9 5EL,PEW 
Piccadilly (Manchester),M1 2PZ,MAN 
Pilning,BS35 4JH,PIL 
Pinhoe,EX1 3SY,PIN 
Pitlochry,PH16 5BN,PIT 
Pitsea,SS13 3JX,PSE 
Pleasington,BB2 5JQ,PLS 
Plockton,IV52 8TF,PLK 
Pluckley,TN27 0RT,PLC 
Plumley,WA16 9RX,PLM 
Plumpton,BN7 3BW,PMP 
Plumstead,SE18 7EA,PLU 
Plymouth,PL4 6AB,PLY 
Pokesdown,BH7 6JU,POK 
Polegate,BN26 5AG,PLG 
Polesworth,B78 1BJ,PSW 
Pollokshaws East,G43 1UB,PWE 
Pollokshaws West,G43 1NZ,PWW 
Pollokshields East,G41 2SX,PLE 
Pollokshields West,G41 4LW,PLW 
Polmont,FK2 0UF,PMT 
Polsloe Bridge,EX1 2RY,POL 
Ponders End,EN3 4QE,PON 
Pont-y-Pant,LL25 0PJ,PYP 
Pontarddulais,SA4 1TL,PTD 
Pontefract Baghill,WF8 1RB,PFR 
Pontefract Monkhill,WF8 1JA,PFM 
Pontefract Tanshelf,WF8 4PJ,POT 
Pontlottyn,CF81 9QX,PLT 
Pontyclun,CF72 9ES,PYC 
Pontypool and New Inn,NP4 0RE,PPL 
Pontypridd,CF37 1LJ,PPD 
Poole,BH15 1YL,POO 
Poppleton,YO26 6QA,POP 
Port Glasgow,PA14 5JN,PTG 
Port Sunlight,CH62 4XB,PSL 
Port Talbot Parkway,SA13 1SA,PTA 
Portadown,BT62 1JJ,PTN
Portchester,PO16 8PE,PTC 
Porth,CF39 9NY,POR 
Porthmadog,LL49 9ND,PTM 
Portlethen,AB12 4PT,PLN 
Portrush,BT56 8DJ,PTS
Portslade,BN3 7HD,PLD 
Portsmouth & Southsea,PO1 1EQ,PMS 
Portsmouth Arms,EX37 9ND,PMA 
Portsmouth Harbour,PO1 3EU,PMH 
Possilpark and Parkhouse,G22 6LW,PPK 
Potters Bar,EN6 1AU,PBR 
Poulton-le-Fylde,FY6 7BD,PFY 
Poynton,SK12 1GA,PYT 
Prees,SY13 2DW,PRS 
Prescot,L34 5SY,PSC 
Prestatyn,LL19 9AF,PRT 
Prestbury,SK10 4HT,PRB 
Preston (Lancs),PR1 8AP,PRE 
Preston Park,BN1 6SF,PRP 
Prestonpans,EH32 9ES,PST 
Prestwick International Airport,KA9 2PJ,PRA
Prestwick Town,KA9 1HQ,PTW 
Priesthill & Darnley,G53 6UL,PTL 
Princes Risborough,HP27 9DD,PRR 
Prittlewell,SS2 6LG,PRL 
Prudhoe,NE42 6NR,PRU 
Pulborough,RH20 1AX,PUL 
Purfleet,RM19 1QS,PFL 
Purley,CR8 2AP,PUR 
Purley Oaks,CR2 0QA,PUO 
Putney,SW15 1TE,PUT 
Pwllheli,LL53 5HL,PWL 
Pye Corner,,PYE
Pyle,CF33 4NL,PYL 
Quakers Yard,CF46 5NJ,QYD
Queenborough,ME11 5AZ,QBR
Queen's Park (Glasgow),G42 8PH,QPK
Queen's Park (London),NW6 6NL,QPW
Queens Road (Peckham),SE15 2JN,QRP
Queenstown Road (Battersea),SW11 5EZ,QRB
Quintrell Downs,TR8 4QG,QUI
Radcliffe on Trent,NG12 1BG,RDF 
Radlett,WD7 7AJ,RDT 
Radley,OX14 3BJ,RAD 
Radyr,CF14 2TJ,RDR 
Rainford,WA11 7JX,RNF 
Rainham (London),RM13 9YN,RNM 
Rainham (Kent),ME8 7SG,RAI 
Rainhill,L35 3TY,RNH 
Ramsgate,CT11 7RE,RAM 
Ramsgreave and Wilpshire,BB1 9BQ,RGW 
Rannoch,PH17 2QA,RAN 
Rauceby,NG34 8PT,RAU 
Ravenglass for Eskdale,CA18 1SJ,RAV 
Ravensbourne,BR2 0BX,RVB 
Ravensthorpe,WF12 9ED,RVN 
Rawcliffe,DN14 8NQ,RWC 
Rayleigh,SS6 7HJ,RLG 
Raynes Park,SW20 8NE,RAY 
Reading,RG1 1LY,RDG 
Reading West,RG30 1AS,RDW 
Rectory Road,N16 7SQ,REC 
Redbridge,SO15 0LR,RDB 
Redcar British Steel,TS10 5RE,RBS 
Redcar Central,TS10 1ER,RCC 
Redcar East,TS10 3PF,RCE 
Reddish North,SK5 6PZ,RDN 
Reddish South,SK5 6TH,RDS 
Redditch,B97 4RB,RDC 
Redhill,RH1 1RB,RDH 
Redland,BS6 6QP,RDA 
Redruth,TR15 2AB,RED 
Reedham (Norfolk),NR13 3EZ,REE 
Reedham (Surrey),CR8 4DG,RHM 
Reigate,RH2 0BD,REI 
Renton,G82 4ND,RTN 
Retford,DN22 7TB,RET 
Rhiwbina,CF14 6EP,RHI 
Rhoose Cardiff International Airport,CF62 3DB,RIA 
Rhosneigr,LL64 5QZ,RHO 
Rhyl,LL18 1AT,RHL 
Rhymney,NP22 5LW,RHY 
Ribblehead,LA6 3JF,RHD 
Rice Lane,L9 3DD,RIL 
Richmond,TW9 1DL,RMD 
Rickmansworth,HA1 1BB,RIC
Riddlesdown,CR8 1HN,RDD 
Ridgmont,MK43 0XR,RID 
Riding Mill,NE44 6EP,RDM 
Risca and Pontymister,NP11 6BB,RCA 
Rishton,BB1 4PH,RIS 
Robertsbridge,TN32 5DJ,RBR 
Roby,L36 4HU,ROB 
Rochdale,OL12 8LN,RCD 
Roche,PL26 8LG,ROC 
Rochester,ME1 1PA,RTR 
Rochford,SS4 1AU,RFD 
Rock Ferry,CH42 3YB,RFY 
Rogart,IV28 3XA,ROG 
Rogerstone,NP10 9LG,ROR 
Rolleston,NG25 0SG,ROL 
Roman Bridge,LL25 0JG,RMB 
Romford,RM1 1TU,RMF 
Romiley,SK6 4BP,RML 
Romsey,SO51 8DU,ROM 
Roose,LA13 0ER,ROO 
Rose Grove,BB12 6EU,RSG 
Rose Hill,SK6 6EE,RSH 
Rosyth,KY11 2XW,ROS 
Rotherham Central,S60 1QH,RMC 
Rotherhithe,SE16 4LF,ROE
Roughton Road,NR27 9LN,RNR 
Rowlands Castle,PO9 6BP,RLN 
Rowley Regis,B65 0LJ,ROW 
Roy Bridge,PH31 4AG,RYB 
Roydon,CM19 5EH,RYN 
Royston,SG8 5AG,RYS 
Ruabon,LL14 6EA,RUA 
Rufford,L40 1TB,RUF 
Rugby,CV21 3LA,RUG 
Rugeley Town,WS15 1BL,RGT 
Rugeley Trent Valley,WS15 2HQ,RGL 
Runcorn,WA7 5UB,RUN 
Runcorn East,WA7 6JU,RUE 
Ruskington,NG34 9ED,RKT 
Ruswarp,YO21 1YL,RUS 
Rutherglen,G73 1DT,RUT 
Ryde Esplanade,PO33 2HE,RYD 
Ryde Pier Head,PO33 2HF,RYP 
Ryde St John's Road,PO33 2BA,RYR 
Ryder Brow,M18 7PT,RRB 
Rye (East Sussex),TN31 7AB,RYE 
Rye House,EN11 0EW,RYH 
St Albans,AL1 3TF,SAC
St Albans Abbey,AL1 2PS,SAA
St Andrews Road,BS11 9HP,SAR
St Annes-on-the-Sea,FY8 2AS,SAS
St Austell,PL25 4LA,SAU
St Bees,CA27 0DN,SBS
St Budeaux Ferry Road,PL5 1YA,SBF
St Budeaux Victoria Road,PL5 1NB,SBV
St Columb Road,TR9 6QP,SCR
St Denys,SO17 2HW,SDN
St Erth,TR27 6JL,SER
St Germans,PL12 5LU,SGM
St Helens Central,WA10 1DG,SNH
St Helens Junction,WA9 3LA,SHJ
St. Helier (Surrey),SM4 5NR,SIH
St Ives,TR26 2EQ,SIV
St James' Park (Exeter),EX4 6QG,SJP
St James Street,E17 7PB,SJS
St Johns,SE8 4EW,SAJ
St Keyne Wishing Well Halt,PL14 4SH,SKN
St Leonards Warrior Square,TN38 0AZ,SLQ
St Margarets (Herts),SG12 8DS,SMT
St Margarets (London),TW1 1RH,SMG
St Mary Cray,BR5 2NB,SMY
St Michaels,L17 7DR,STM
St Neots,PE19 1QF,SNO
St Pancras (London),NW1 2QL,STP
Salford Central,M3 5ET,SFD
Salford Crescent,M5 4BR,SLD
Salfords (Surrey),RH1 5JL,SAF
Salhouse,NR13 6NZ,SAH
Salisbury,SP2 7RS,SAL
Saltaire,BD18 4PS,SAE
Saltash,PL12 4DR,STS
Saltburn,TS12 1AQ,SLB
Saltcoats,KA21 5JT,SLT
Saltmarshe,DN14 7TW,SAM
Salwick,PR4 0YH,SLW
Sampford Courtenay,,SMC
Sandal and Agbrigg,WF1 5AF,SNA
Sandbach,CW11 3GD,SDB
Sanderstead,CR2 0YY,SNR
Sandhills,L5 9XJ,SDL
Sandhurst (Berks),GU47 9DX,SND
Sandling,CT21 4HH,SDG
Sandown,PO36 9EU,SAN
Sandplace,PL13 1PJ,SDP
Sandwell and Dudley,B70 7JD,SAD
Sandwich,CT13 9RA,SDW
Sandy,SG19 1AW,SDY
Sankey for Penketh,WA5 3DA,SNK
Sanquhar,DG4 6BS,SQH
Sarn,CF32 9NB,SRR
Saundersfoot,SA69 9BG,SDF
Saunderton,HP14 4HT,SDR
Sawbridgeworth,CM21 9JZ,SAW
Saxilby,LN1 2PX,SXY
Saxmundham,IP17 1BW,SAX
Scarborough,YO11 1TN,SCA
Scotscalder,KW12 6XJ,SCT
Scotstounhill,G13 1UY,SCH
Scunthorpe,DN16 1TL,SCU
Sea Mills,BS9 1EA,SML
Seaford,BN25 2AR,SEF
Seaforth and Litherland,L21 3TE,SFL
Seaham,SR7 0AD,SEA
Seamer,YO12 4UB,SEM
Seascale,CA20 1QU,SSC
Seaton Carew,TS25 2AG,SEC
Seer Green,HP9 2UR,SRG
Selby,YO8 4NP,SBY
Selhurst,SE25 5EG,SRS
Sellafield,CA20 1RG,SEL
Selling,ME13 9PW,SEG
Selly Oak,B29 6DP,SLY
Settle,BD24 9BL,SET
Seven Kings,IG3 8BG,SVK
Seven Sisters,N15 5DR,SVS
Sevenoaks,TN13 2JA,SEV
Severn Beach,BS35 4QD,SVB
Severn Tunnel Junction,NP26 3UN,STJ
Shadwell,,SDE
Shalford,GU4 8BZ,SFR
Shanklin,PO37 7AR,SHN
Shaw and Crompton,OL2 8PF,SHA
Shawfair,EH22 1SB,SFI
Shawford,SO21 2BN,SHW
Shawlands,G41 3SW,SHL
Sheerness On Sea,ME12 1RJ,SSS
Sheffield,S1 2BP,SHF
Shelford,CB2 5NE,SED
Shenfield,CM15 8JE,SNF
Shenstone,WS14 0NW,SEN
Shepherds Well,CT15 7PE,SPH
Shepherd's Bush,W12 7JD,SPB
Shepley,HD8 8DX,SPY
Shepperton,TW17 8DN,SHP
Shepreth,SG8 6PZ,STH
Sherborne,DT9 3NB,SHE
Sherburn In Elmet,LS25 6EP,SIE
Sheringham,NR26 8RG,SHM
Shettleston,G32 0PF,SLS
Shieldmuir,ML2 7TQ,SDM
Shifnal,TF11 9AX,SFN
Shildon,DL4 2DQ,SHD
Shiplake,RG9 3NU,SHI
Shipley (Yorks),BD18 2JL,SHY
Shippea Hill,CB7 4SP,SPP
Shipton,OX7 6BH,SIP
Shirebrook,NG20 8SU,SHB
Shirehampton,BS11 9XB,SHH
Shireoaks,S81 8LW,SRO
Shirley (West Midlands),B90 1AB,SRL
Shoreditch High Street,,SDC
Shoeburyness,SS3 9AW,SRY
Sholing,SO19 9RD,SHO
"Shoreham, Kent",TN14 7RT,SEH
Shoreham-by-Sea,BN43 5WX,SSE
Shortlands,BR2 0JA,SRT
Shotton,CH5 1DL,SHT
Shotts,ML7 4BH,SHS
Shrewsbury,SY1 2HR,SHR
Sidcup,DA15 7AG,SID
Sileby,LE12 7NA,SIL
Silecroft,LA18 4NS,SIC
Silkstone Common,S75 3JJ,SLK
Silver Street,N18 2UA,SLV
Silverdale,LA5 0SP,SVR
Singer,G81 2JQ,SIN
Sittingbourne,ME10 3ED,SIT
Skegness,PE25 3QN,SKG
Skewen,SA10 6HB,SKE
Skipton,BD23 2DG,SKI
Slade Green,DA8 2NX,SGR
Slaithwaite,HD7 5EF,SWT
Slateford,EH14 1PZ,SLA
Sleaford,NG34 7RG,SLR
Sleights,YO21 1RU,SLH
Slough,SL2 5BY,SLO
Small Heath,B10 0EW,SMA
Smallbrook Junction,PO33 4BE,SAB
Smethwick Galton Bridge,B66 1HU,SGB
Smethwick Rolfe Street,B66 2AA,SMR
Smithy Bridge,OL15 8QQ,SMB
Snaith,DN14 9HY,SNI
Snodland,ME6 5AR,SDA
Snowdown,CT15 4JL,SWO
Sole Street,DA13 0XY,SOR
Solihull,B91 1LG,SOL
Somerleyton,NR32 5QN,SYT
South Acton,W3 8TR,SAT
South Bank,TS6 6AN,SBK
South Bermondsey,SE16 3JZ,SBM
South Croydon,CR2 7DW,SCY
South Elmsall,WF9 2HU,SES
South Greenford,UB6 8EL,SGN
South Gyle,EH12 7XH,SGL
South Hampstead,NW8 0DR,SOH
South Kenton,HA9 8QS,SOK
South Merton,SW20 9JT,SMO
South Milford,LS25 6AA,SOM
South Ruislip,HA4 6TP,SRU
South Tottenham,N15 6UL,STO
South Wigston,LE18 4XZ,SWS
South Woodham Ferrers,CM3 5NQ,WDF
Southall,UB1 3AD,STL
Southampton Airport Parkway,SO18 2HW,SOA
Southampton Central,SO15 1GP,SOU
Southbourne,PO10 8LW,SOB
Southbury,EN3 4HW,SBU
Southease,BN8 6JS,SEE
Southend Airport,SS2 6YF,SIA
Southend Central,SS1 1AH,SOC
Southend East,SS1 2QY,SOE
Southend Victoria,SS2 6AE,SOV
Southminster,CM0 7EN,SMN
Southport,PR8 1BE,SOP
Southwick,BN42 4DD,SWK
Sowerby Bridge,HX6 3LA,SOW
Spalding,PE11 1EY,SPA
Spean Bridge,PH34 4ER,SBR
Spital,CH63 9NE,SPI
Spondon,DE21 7NE,SPO
Spooner Row,NR18 9JR,SPN
Spring Road,B11 3DP,SRI
Springburn,G21 4TP,SPR
Springfield,KY15 5RT,SPF
Squires Gate,FY8 2SN,SQU
Stafford,ST16 2AA,STA
Staines,TW18 2BZ,SNS
Stallingborough,DN41 8AS,SLL
Stalybridge,SK15 1RH,SYB
Stamford (Lincs),PE9 2JN,SMD
Stamford Hill,N15 6PP,SMH
Stanford-le-Hope,SS17 0JX,SFO
Stanlow and Thornton,CH2 4NW,SNT
Stansted Airport,CM24 1RG,SSD
Stansted Mountfitchet,CM24 8BH,SST
Staplehurst,TN12 0QR,SPU
Stapleton Road,BS5 0LJ,SRD
Starbeck,HG1 4PY,SBE
Starcross,EX6 8NY,SCS
Staveley,LA8 9NB,SVL
Stechford,B33 8AJ,SCF
Steeton and Silsden,BD20 6RZ,SON
Stepps,G33 6HG,SPS
Stevenage,SG1 1XT,SVG
Stevenston,KA20 3LB,STV
Stewartby,MK43 9LY,SWR
Stewarton,KA3 5BE,STT
Stirling,FK8 2BY,STG
Stockport,SK3 9HZ,SPT
Stocksfield,NE43 7NH,SKS
Stocksmoor,HD4 6XN,SSM
Stockton,TS18 2AZ,STK
Stoke Mandeville,HP22 5UH,SKM
Stoke Newington,N16 6YB,SKW
Stoke-on-Trent,ST4 2AB,SOT
Stone (Staffs),ST15 8LH,SNE
Stone Crossing,DA9 9AR,SCG
Stonebridge Park,NW10 0RL,SBP
Stonegate,TN5 7ER,SOG
Stonehaven,AB39 2NE,STN
Stonehouse,GL10 2QF,SHU
Stoneleigh,KT19 0QZ,SNL
Stourbridge Junction,DY9 0YQ,SBJ
Stourbridge Town,DY8 1EX,SBT
Stow,TD1 2SQ,SOI
Stowmarket,IP14 5AS,SMK
Stranraer Harbour,DG9 8EJ,STR
Stratford International (London),,SFA
Stratford (London),E15 1AZ,SRA
Stratford-upon-Avon,CV37 6PL,SAV
Stratford-upon-Avon Parkway,CV37 9QY,STY
Strathcarron,IV54 8YR,STC
Strawberry Hill,TW2 5TF,STW
Streatham,SW16 6JJ,STE
Streatham Common,SW16 5TF,SRC
Streatham Hill,SW2 4PA,SRH
Streethouse,WF7 6BY,SHC
Strines,SK22 3AL,SRN
Stromeferry,IV53 8UJ,STF
Strood (Kent),ME2 4BG,SOO
Stroud (Gloucestershire),GL5 3AG,STD
Sturry,CT2 0BH,STU
Styal,SK9 4JW,SYA
Sudbury,CO10 2SU,SUY
Sudbury & Harrow Road,HA0 2NB,SUD
Sudbury Hill Harrow,HA1 3PJ,SDH
Sugar Loaf,LD5 4RP,SUG
Summerston,G20 0HY,SUM
Sunbury,TW16 6SA,SUU
Sunderland,SR1 3HR,SUN
Sundridge Park,BR1 3TR,SUP
Sunningdale,SL5 0EL,SNG
Sunnymeads,TW19 5HD,SNY
Surbiton,KT6 4PE,SUR
Surrey Quays,SE16 2UF,SQE
Sutton Coldfield,B73 6AY,SUT
Sutton Common,SM1 3HZ,SUC
Sutton (London),SM1 1JA,SUO
Sutton Parkway,NG17 5LG,SPK
Swale,ME9 8SS,SWL
Swanley,BR8 8HP,SAY
Swanscombe,DA10 0LG,SWM
Swansea,SA1 1NU,SWA
Swanwick,SO31 1FQ,SNW
Sway,SO41 6AZ,SWY
Swaythling,SO18 2LB,SWG
Swinderby,LN6 9HY,SWD
Swindon (Wilts),SN1 1DQ,SWI
Swineshead,PE20 3PT,SWE
Swinton (Manchester),M27 6HD,SNN
Swinton (South Yorkshire),S64 8AS,SWN
Sydenham Hill,SE21 7ND,SYH
Sydenham (London),SE26 4LE,SYD
Syon Lane,TW7 5JG,SYL
Syston,LE7 1NZ,SYS
Tackley,OX5 3AT,TAC
Tadworth,KT20 5SP,TAD
Taffs Well,CF15 7PE,TAF
Tain,IV19 1JA,TAI
Tal-y-Cafn,LL28 5RR,TLC
Talsarnau,LL47 6UA,TAL
Talybont,LL43 2AR,TLB
Tame Bridge Parkway,B71 3NP,TAB
Tamworth,B79 7JT,TAM
Taplow,SL6 0NT,TAP
Tattenham Corner,KT18 5QD,TAT
Taunton,TA1 1QP,TAU
Taynuilt,PA35 1JN,TAY
Teddington,TW11 0AZ,TED
Teesside Airport,DL2 1NX,TEA
Teignmouth,TQ14 8PG,TGM
Telford Central,TF3 4LZ,TFC
Templecombe,BA8 0JR,TMC
Tenby,SA70 7LZ,TEN
Teynham,ME9 9EA,TEY
Thames Ditton,KT7 0PD,THD
Thatcham,RG19 4NU,THA
Thatto Heath,WA9 5NY,THH
The Hawthorns,B71 4LW,THW
The Lakes,B94 5SE,TLK
Theale,RG7 4AG,THE
Theobalds Grove,EN8 7BG,TEO
Thetford,IP24 1AS,TTF
Thirsk,YO7 4LT,THI
Thornaby,TS17 6AN,TBY
Thorne North,DN8 4HZ,TNN
Thorne South,DN8 5PA,TNS
Thornford,DT9 6HE,THO
Thornliebank,G46 7RJ,THB
Thornton Abbey,DN39 6UX,TNA
Thornton Heath,CR7 8RX,TTH
Thorntonhall,G74 5QA,THT
Thorpe Bay,SS1 3QH,TPB
Thorpe Culvert,PE24 4NL,TPC
Thorpe-le-Soken,CO16 0HJ,TLS
Three Bridges,RH10 7AZ,TBD
Three Oaks,TN35 4PN,TOK
Thurgarton,NG14 7HD,THU
Thurnscoe,S63 0JR,THC
Thurso,KW14 7DL,THS
Thurston,IP31 3NZ,TRS
Tilbury Town,RM18 7JT,TIL
Tile Hill,CV4 8AR,THL
Tilehurst,RG31 6TQ,TLH
Tipton,DY4 9BP,TIP
Tir-Phil,NP24 6EL,TIR
Tisbury,SP3 6JT,TIS
Tiverton Parkway,EX16 7HD,TVP
Todmorden,OL14 7AP,TOD
Tolworth,KT5 9NX,TOL
Ton Pentre,CF41 7PN,TPN
Tonbridge,TN9 1TX,TON
Tondu,CF34 9HS,TDU
Tonfanau,LL36 9LP,TNF
Tonypandy,CF40 2NP,TNP
Tooting,CR4 2BX,TOO
Topsham,EX3 0DS,TOP
Torquay,TQ2 6NU,TQY
Torre,TQ2 5DD,TRR
Totnes,TQ9 6LS,TOT
Tottenham Hale,N17 9LJ,TOM
Totton,SO40 3AD,TTN
Town Green,L39 6RH,TWN
Trafford Park,M32 0NX,TRA
Treforest,CF37 1SY,TRF
Treforest Estate,CF38 1SG,TRE
Trehafod,CF37 2LL,TRH
Treherbert,CF42 5JJ,TRB
Treorchy,CF42 6UE,TRY
Trimley,IP11 0UB,TRM
Tring,HP23 5QP,TRI
Troed-y-rhiw,CF48 4DY,TRD
Troon,KA10 6JY,TRN
Trowbridge,BA14 8HW,TRO
Truro,TR1 3HH,TRU
Tulloch,PH31 4AR,TUL
Tulse Hill,SE27 9BW,TUH
Tunbridge Wells,TN1 1GE,TBW
Turkey Street,EN1 4QG,TUR
Tutbury and Hatton,DE65 5DY,TUT
Tweedbank,TD1 3SP,TWB
Twickenham,TW1 3JB,TWI
Twyford,RG10 9NA,TWY
Ty Croes,LL63 5HX,TYC
Ty Glas,CF14 5DL,TGS
Tygwyn,LL47 6TF,TYG
Tyndrum Lower,FK20 8RZ,TYL
Tyndrum Upper,FK20 8RQ,UTY
Tyseley,B11 2HH,TYS
Tywyn,LL36 9EY,TYW
Uckfield,TN22 5AA,UCK
Uddingston,G71 7LR,UDD
Ulceby,DN39 6TY,ULC
Ulleskelf,LS24 9UH,ULL
Ulverston,LA12 0DP,ULV
Umberleigh,EX37 9AA,UMB
University (Birmingham),B15 2SG,UNI
Uphall,EH54 5QE,UHA
Upholland,WN8 9QB,UPL
Upminster,RM14 2TH,UPM
Upper Halliford,TW17 8RL,UPH
Upper Holloway,N19 4DL,UHL
Upper Tyndrum,FK20 8RQ,UTY
Upper Warlingham,CR3 0EP,UWL
Upton,CH43 9RY,UPT
Upwey,DT3 5RB,UPW
Urmston,M41 9SG,URM
Uttoxeter,ST14 8AX,UTT
Valley,LL65 2BT,VAL
Vauxhall,SW8 1SS,VXH
Victoria (London),SW1E 5ND,VIC
Victoria (Manchester),M3 1AR,MCV
Virginia Water,GU25 4BE,VIR
Waddon,CR0 4UP,WDO
Wadhurst,TN5 6RZ,WAD
Wainfleet,PE24 4LJ,WFL
Wakefield Kirkgate,WF1 4EL,WKK
Wakefield Westgate,WF1 2TD,WKF
Walkden,M28 3DY,WKD
Wallasey Grove Road,CH45 8JY,WLG
Wallasey Village,CH45 8PZ,WLV
Wallington,SM6 0DY,WLT
Wallyford,EH21 8AA,WAF
Walmer,CT14 7RN,WAM
Walsall,WS1 1NH,WSL
Walsden,OL14 6RR,WDN
Waltham Cross,EN8 7LU,WLC
Walthamstow Central,E17 7LS,WHC
Walthamstow Queens Road,E17 7QJ,WMW
Walton (Merseyside),L9 1EX,WAO
Walton-on-the-Naze,CO14 8DH,WON
Walton-on-Thames,KT12 1NR,WAL
Wanborough,GU3 2EX,WAN
Wandsworth Common,SW12 8PB,WSW
Wandsworth Road,SW8 4PA,WWR
Wandsworth Town,SW18 1SU,WNT
Wanstead Park,E7 0HX,WNP
Wapping,,WPE
Warblington,PO9 2QH,WBL
Ware (Herts),SG12 9UT,WAR
Wareham,BH20 4BG,WRM
Wargrave,RG10 8EX,WGV
Warminster,BA12 9BP,WMN
Warnham,RH12 3SR,WNH
Warrington Bank Quay,WA1 1LS,WBQ
Warrington Central,WA1 2AE,WAC
Warwick,CV34 4LA,WRW
Warwick Parkway,CV35 8QN,WRP
Water Orton,B46 1NG,WTO
Waterbeach,CB5 9PP,WBC
Wateringbury,ME18 5EA,WTR
Waterloo East (London),SE1 8TD,WAE
Waterloo International (London),SE1 7NS,WIT
Waterloo (London),SE1 7NS,WAT
Waterloo (Merseyside),L22 0NA,WLO
Watford High Street,WD17 2NU,WFH
Watford Junction,WD17 1EU,WFJ
Watford North,WD2 4QN,WFN
Watford Stadium,WD1 8DD,WFS
Watford West,WD1 8NA,WFW
Watlington,PE33 0TQ,WTG
Watton-at-Stone,SG14 3HF,WAS
Waun-gron Park,CF5 2BN,WNG
Waverley (Edinburgh),EH1 1BG,EDB
Wavertree Technology Park,L15 4PW,WAV
Wedgwood,ST12 9ER,WED
Weeley,CO16 9HY,WEE
Weeton,LS17 0EQ,WET
Welham Green,AL9 7HF,WMG
Welling,DA16 3JA,WLI
Wellingborough,NN8 1NQ,WEL
Wellington Shropshire,TF1 1BY,WLN
Welshpool,SY21 7AY,WLP
Welwyn Garden City,AL8 6BE,WGC
Welwyn North,AL6 0EA,WLW
Wem,SY4 5AZ,WEM
Wembley Central,HA9 7AJ,WMB
Wembley Stadium,HA9 6NY,WCX
Wemyss Bay,PA18 6AR,WMS
Wendover,HP22 6BT,WND
Wennington,LA2 8PB,WNN
West Allerton,L19 7NL,WSA
West Brompton,SW6 1RT,WBP
West Byfleet,KT14 6PA,WBY
West Calder,EH55 8BQ,WCL
West Croydon,CR0 2RD,WCY
West Drayton,UB7 9DZ,WDT
West Dulwich,SE21 8HN,WDU
West Ealing,W13 0LJ,WEA
West Ham,E15 3BW,WEH
West Hampstead,NW6 2LJ,WHD
West Hampstead Thameslink,NW6 1PF,WHP
West Horndon,CM13 3TL,WHR
West Kilbride,KA23 9DD,WKB
West Kirby,CH48 4DZ,WKI
West Malling,ME19 6HJ,WMA
West Norwood,SE27 0DW,WNW
West Ruislip,,WRU
West Runton,NR27 9QJ,WRN
West St Leonards,TN38 0AB,WLD
West Sutton,SM1 2HJ,WSU
West Wickham,BR4 0EH,WWI
West Worthing,BN11 4SR,WWO
Westbury,BA13 4HP,WSB
Westcliff-on-Sea,SS0 7SB,WCF
Westcombe Park,SE3 7EQ,WCB
Westenhanger,TN25 6DE,WHA
Wester Hailes,EH14 3HR,WTA
Westerfield,IP6 9AE,WFI
Westerton,G61 1PB,WES
Westgate-on-Sea,CT8 8RA,WGA
Westhoughton,BL5 3QT,WHG
Weston Milton,BS22 8PF,WNM
Weston-super-Mare,BS23 1YB,WSM
Wetheral,CA4 8JP,WRL
Weybridge,KT13 8UF,WYB
Weymouth,DT4 7BN,WEY
Weymouth Quay,DT4 7BN,WYQ
Whaley Bridge,SK23 7AF,WBR
Whalley Lancs,BB7 9RT,WHE
Whatstandwell,DE4 5EE,WTS
Whifflet,ML5 4EE,WFF
Whimple,EX5 2QJ,WHM
Whinhill,PA15 3LA,WNL
Whiston,L35 3TY,WHN
Whitby,YO21 1YN,WTB
Whitchurch (Cardiff),CF14 1BP,WHT
Whitchurch (Hants),RG28 7BZ,WCH
Whitchurch (Shropshire),SY13 1RL,WTC
White Hart Lane,N17 8HH,WHL
White Notley,CM8 1RP,WNY
Whitechapel,,ZWL
Whitecraigs,G46 6SA,WCR
Whitehaven,CA28 6AX,WTH
Whitland,SA34 0AP,WTL
Whitley Bridge,DN14 0HH,WBD
Whitlocks End,B90 1EA,WTE
Whitstable,CT5 1QS,WHI
Whittlesea,PE7 2EU,WLE
Whittlesford Parkway,CB2 4PL,WLF
Whitton (London),TW2 7JX,WTN
Whitwell,S80 4TA,WWL
Whyteleafe,CR3 0AD,WHY
Whyteleafe South,CR3 0BF,WHS
Wick,KW1 5LB,WCK
Wickford,SS11 7AT,WIC
Wickham Market,IP13 0PR,WCM
Widdrington,NE61 5QH,WDD
Widnes,WA8 7TL,WID
Widney Manor,B91 3JW,WMR
Wigan North Western,WN3 4HU,WGN
Wigan Wallgate,WN1 1LP,WGW
Wigton,CA7 9BA,WGT
Wildmill,CF31 1YY,WMI
Willesden Junction,NW10 4RA,WIJ
Williamwood,G76 7NP,WLM
Willington,DE65 6BP,WIL
Wilmcote,CV37 9UQ,WMC
Wilmslow,SK9 1BB,WML
Wilnecote (Staffordshire),B77 5AY,WNE
Wimbledon,SW19 7NL,WIM
Wimbledon Chase,SW20 8JT,WBO
Winchelsea,TN36 4JX,WSE
Winchester,SO22 6RF,WIN
Winchfield,RG27 8BX,WNF
Winchmore Hill,N21 1BS,WIH
Windermere,LA23 1QA,WDM
Windsor and Eton Central,SL4 1PJ,WNC
Windsor and Eton Riverside,SL4 1NA,WNR
Winnersh,RG41 5NA,WNS
Winnersh Triangle,RG41 5TQ,WTI
Winsford,CW7 3PB,WSF
Wishaw,ML2 0EX,WSH
Witham,CM8 2DW,WTM
Witley,GU8 5TD,WTY
Witton,B6 6QU,WTT
Wivelsfield,RH15 0PX,WVF
Wivenhoe,CO7 9DJ,WIV
Woburn Sands,MK17 8SG,WOB
Woking,GU22 7AE,WOK
Wokingham,RG40 2AP,WKM
Woldingham,CR3 7LQ,WOH
Wolverhampton,WV1 1LE,WVH
Wolverton,MK12 5TR,WOL
Wombwell,S73 0LU,WOM
Wood End,B94 5ED,WDE
Wood Street,E17 3LX,WST
Woodbridge,IP12 4AJ,WDB
Woodgrange Park,E12 6UL,WGR
Woodhall,PA14 6QX,WDL
Woodhouse,S13 9WQ,WDH
Woodlesford,LS26 8RA,WDS
Woodley,SK6 1NT,WLY
Woodmansterne,CR5 3HS,WME
Woodsmoor,SK2 7DN,WSR
Wool,BH20 6BL,WOO
Woolston,SO19 7DD,WLS
Woolwich Arsenal,SE18 6AR,WWA
Woolwich Dockyard,SE18 5JY,WWD
Wootton Wawen,B95 6BG,WWW
Worcester Foregate Street,WR1 1XX,WOF
Worcester Park,KT4 7NB,WCP
Worcester (North) Parkway,,WOS
Worcester (Norton) Parkway,,WOS
Worcester Shrub Hill,WR4 9EJ,WOS
Workington,CA14 2XF,WKG
Worksop,S81 7AG,WRK
Worle,BS22 6BW,WOR
Worplesdon,GU22 0SP,WPL
Worstead,NR28 9RY,WRT
Worthing,BN11 1UR,WRH
Wrabness,CO11 2TJ,WRB
Wraysbury,TW19 5NJ,WRY
Wrenbury,CW5 8EX,WRE
Wressle,YO8 6ER,WRS
Wrexham Central,LL11 1SP,WXC
Wrexham General,LL11 2AA,WRX
Wye,TN25 5HB,WYE
Wylam,NE41 8HR,WYM
Wylde Green,B73 5NX,WYL
Wymondham,NR18 0JZ,WMD
Wythall,B47 6HE,WYT
Yalding,ME18 6HN,YAL
Yardley Wood,B28 0RX,YRD
Yarm,TS15 9EQ,YRM
Yate,BS37 5HZ,YAE
Yatton,BS49 4BD,YAT
Yeoford,EX17 5JB,YEO
Yeovil Junction,BA22 9UU,YVJ
Yeovil Pen Mill,BA21 5DD,YVP
Yetminster,DT9 6NE,YET
Ynyswen,CF42 6EF,YNW
Yoker,G81 1JQ,YOK
York,YO24 1AB,YRK
Yorton,SY4 3EP,YRT
Ystrad Mynach,CF82 7BQ,YSM
Ystrad Rhondda,CF41 7RE,YSR
